{
    "num_clients": [
        5.0,
        20.0,
        50.0,
        100.0,
        150.0
    ],
    "lstm": [
        0.5493313670158386,
        0.48107296228408813,
        0.36382025480270386,
        0.36961495876312256,
        0.3197748064994812
    ],
    "bidirectional": [
        0.56273353099823,
        0.49489590525627136,
        0.41927215456962585,
        0.40157434344291687,
        0.3233128786087036
    ],
    "mlp": [
        94.93899536132812,
        10.473133087158203,
        12.849140167236328,
        10.29106330871582,
        8.62472152709961
    ],
    "gru": [
        0.5332319736480713,
        0.4064127504825592,
        0.3578157126903534,
        0.3602454662322998,
        0.3153107166290283
    ]
}
