{
    "num_clients": [
        5.0,
        20.0,
        50.0,
        100.0,
        150.0
    ],
    "lstm": [
        0.5712475776672363,
        0.4953971803188324,
        0.36062270402908325,
        0.3506324291229248,
        0.3076298236846924
    ],
    "bidirectional": [
        0.5714163780212402,
        0.5040645599365234,
        0.40487638115882874,
        0.3807322084903717,
        0.3200278580188751
    ],
    "mlp": [
        27536.275390625,
        6581.41748046875,
        589.7915649414062,
        27.658796310424805,
        16.30312156677246
    ],
    "svr": [
        149.6619873046875,
        32.49497985839844,
        15.379474639892578,
        12.172440528869629,
        10.834320068359375
    ]
}
