{
  "num_clients": [5.0, 20.0, 50.0, 100.0, 150.0],
  "bidirectional-lstm": {
    "central": [
      0.43223699927330017, 0.36405330896377563, 0.2839914560317993,
      0.2849118411540985, 0.27022114396095276
    ],
    "FedAvg": [
      0.6116175055503845, 0.5158225893974304, 0.4356321692466736,
      0.37524667382240295, 0.3118838667869568
    ]
  }
  
}
