{
  "num_clients": [5.0, 20.0, 50.0, 100.0, 150.0],
  "central": [
    0.05152522027492523, 0.017246028408408165, 0.015904149040579796,
    0.02328229323029518, 0.01631634123623371
  ],
  "FedAvg": [
    0.11414481699466705, 0.01176352147012949, 0.006933134514838457,
    0.008150175213813782, 0.010164093226194382
  ],
  "FedAdam": [
    21672.583984375, 68.43245697021484, 2194.43994140625, 11.999669075012207,
    4.1429057121276855
  ],
  "FedAdagrad": [
    0.3413400948047638, 0.5866804718971252, 1.1284388303756714,
    1.1301038265228271, 0.7811182737350464
  ],
  "FedYogi": [
    21672.583984375, 49.82855224609375, 3805.091064453125, 24.660377502441406,
    17.559165954589844
  ]
}
