{
  "num_clients": [25, 50, 75, 100, 125, 150],
  "central": [
    0.3029593825340271, 0.25604987144470215, 0.25042644143104553,
    0.22831135988235474, 0.24301201105117798, 0.24590450525283813
  ],
  "FedAvg": [
    0.4039788246154785, 0.42883241176605225, 0.3356591463088989,
    0.31374281644821167, 0.3207191526889801, 0.27122563123703003
  ]
}
