{
    "num_clients": [
        5.0,
        20.0,
        50.0,
        100.0,
        150.0
    ],
    "central": [
        2.275372525218917,
        2.5886560573957356,
        1.2457840140845646,
        0.5372490051541717,
        0.3680204180488538
    ],
    "FedAvg": [
        0.5390029125089556,
        0.4216223083469476,
        0.40290084089600475,
        0.40274555898667475,
        0.30519039799181563
    ],
    "FedAdam": [
        10.923990835526007,
        95.17117752602338,
        180.78591529728618,
        1791.6201555955647,
        33826.50457250416
    ],
    "FedAdagrad": [
        3.0650052534573855,
        0.39184571624755493,
        0.9152327992899919,
        0.3436776270960924,
        0.4793199196564889
    ],
    "FedYogi": [
        10.923990835526007,
        137.01901993787465,
        41.56896109224094,
        109637.88258041111,
        60440.48806904521
    ]
}
