id,user_id,QoA_VLCresolution,QoA_VLCbitrate,QoA_VLCframerate,QoA_VLCdropped,QoA_VLCaudiorate,QoA_VLCaudioloss,QoA_BUFFERINGcount,QoA_BUFFERINGtime,QoS_type,QoS_operator,QoU_sex,QoU_age,QoU_Ustedy,QoF_begin,QoF_shift,QoF_audio,QoF_video,MOS
149,9,360,399.5695,30.05,0,44.16666667,0,1,1865,5,4,1,27,5,4,4,4,4,4
150,9,360,1113.7385,29.85,5,45.01666667,0,1,3681,5,4,1,27,5,3,5,5,5,4
147,9,360,608.4345,25.08333333,0,44.46666667,0,1,2161,5,4,1,27,5,4,4,3,5,4
153,9,360,549.0648,24.66666667,0,43.78333333,0,1,2442,5,3,1,27,5,4,5,5,5,5
151,9,360,195.95851,24.06666667,0,44.2,0,1,1645,5,4,1,27,5,3,4,4,4,4
146,9,360,245.02713,29.66666667,1,43.96666667,0,1,2336,5,4,1,27,5,4,4,4,5,4
152,9,360,818.37836,30.15,1,44.55,1,2,9195,5,3,1,27,5,3,5,5,5,5
148,9,360,719.2141,29.65,3,43.95,0,1,3400,5,4,1,27,5,3,4,3,4,3
