id,user_id,QoA_VLCresolution,QoA_VLCbitrate,QoA_VLCframerate,QoA_VLCdropped,QoA_VLCaudiorate,QoA_VLCaudioloss,QoA_BUFFERINGcount,QoA_BUFFERINGtime,QoS_type,QoS_operator,QoU_sex,QoU_age,QoU_Ustedy,QoF_begin,QoF_shift,QoF_audio,QoF_video,MOS
357,37,360,409.44748,25.33333333,0,44.46666667,0,1,959,4,2,1,21,5,3,4,4,4,4
359,37,360,454.45554,24.95,0,43.78333333,0,2,1036,4,2,1,21,5,4,5,5,5,5
358,37,360,464.32126,25.11666667,0,44.46666667,0,1,1406,5,4,1,21,5,4,5,5,5,5
360,37,360,775.7943,25.56666667,1,45.53333333,0,1,3115,5,4,1,21,5,4,5,4,5,4
356,37,360,1339.0653,26.16666667,1,45.55,0,2,4025,4,2,1,21,5,2,5,3,4,3
