id,user_id,QoA_VLCresolution,QoA_VLCbitrate,QoA_VLCframerate,QoA_VLCdropped,QoA_VLCaudiorate,QoA_VLCaudioloss,QoA_BUFFERINGcount,QoA_BUFFERINGtime,QoS_type,QoS_operator,QoU_sex,QoU_age,QoU_Ustedy,QoF_begin,QoF_shift,QoF_audio,QoF_video,MOS
388,41,360,412.90427,29.71666667,0,43.96666667,0,1,1526,5,4,1,23,5,4,5,5,5,5
390,41,240,176.4806,25.28333333,0,22.15,0,2,1082,2,2,1,23,5,4,5,4,5,4
384,41,360,408.86365,25.13333333,0,44.46666667,0,1,1983,5,4,1,23,5,3,5,4,5,4
389,41,360,195.9918,24.36666667,0,44.26666667,0,1,1215,4,2,1,23,5,4,5,5,5,5
386,41,360,725.3286,24.73333333,0,43.78333333,0,1,1622,5,4,1,23,5,4,5,5,5,5
382,41,360,399.17508,30.01666667,0,43.96666667,0,2,2976,4,2,1,23,5,4,5,5,5,5
