id,user_id,QoA_VLCresolution,QoA_VLCbitrate,QoA_VLCframerate,QoA_VLCdropped,QoA_VLCaudiorate,QoA_VLCaudioloss,QoA_BUFFERINGcount,QoA_BUFFERINGtime,QoS_type,QoS_operator,QoU_sex,QoU_age,QoU_Ustedy,QoF_begin,QoF_shift,QoF_audio,QoF_video,MOS
1898,180,360,235.3859,29.83333333,0,21.81666667,0,2,2302,5,4,1,25,5,4,5,3,4,3
1901,180,360,281.4042,31.0,5,22.7,0,2,2518,5,4,1,25,5,3,5,1,3,2
1900,180,360,1540.1174,30.35,0,44.3,0,1,2155,5,4,1,25,5,2,3,4,3,3
1899,180,360,478.0029,25.0,0,44.13333333,0,1,3351,2,3,1,25,5,3,2,2,3,2
1903,180,360,731.0063,24.7,0,43.78333333,0,1,2137,5,4,1,25,5,4,5,4,4,5
