id,user_id,QoA_VLCresolution,QoA_VLCbitrate,QoA_VLCframerate,QoA_VLCdropped,QoA_VLCaudiorate,QoA_VLCaudioloss,QoA_BUFFERINGcount,QoA_BUFFERINGtime,QoS_type,QoS_operator,QoU_sex,QoU_age,QoU_Ustedy,QoF_begin,QoF_shift,QoF_audio,QoF_video,MOS
1776,168,360,661.2073,29.86666667,0,44.15,0,2,7025,2,3,1,27,5,3,5,4,4,4
1777,168,360,412.2311,29.8,0,43.96666667,0,1,5503,4,3,1,27,5,3,5,4,4,4
1778,168,360,433.37875,29.83333333,5,44.3,0,2,19986,4,3,1,27,5,3,5,4,4,3
1775,168,360,517.4784,29.71666667,0,43.96666667,0,1,11066,2,3,1,27,5,2,4,4,4,2
1774,168,360,58.46057,4.25,4,8.416666667,1,4,123430,1,3,1,27,5,1,1,1,1,1
