id,user_id,QoA_VLCresolution,QoA_VLCbitrate,QoA_VLCframerate,QoA_VLCdropped,QoA_VLCaudiorate,QoA_VLCaudioloss,QoA_BUFFERINGcount,QoA_BUFFERINGtime,QoS_type,QoS_operator,QoU_sex,QoU_age,QoU_Ustedy,QoF_begin,QoF_shift,QoF_audio,QoF_video,MOS
581,70,360,424.19373,30.35,1,45.36666667,0,2,3350,5,4,1,18,5,4,4,4,4,4
584,70,360,758.98285,24.85,3,44.3,0,3,10022,2,2,1,18,5,3,5,3,4,3
579,70,360,574.3238,24.76666667,0,43.78333333,0,1,1877,5,4,1,18,5,5,3,3,3,3
582,70,360,400.15436,30.0,0,43.76666667,0,2,2453,3,4,1,18,5,4,5,5,4,5
583,70,360,570.0711,24.76666667,1,43.78333333,0,1,1543,5,4,1,18,5,4,4,5,5,5
