id,user_id,QoA_VLCresolution,QoA_VLCbitrate,QoA_VLCframerate,QoA_VLCdropped,QoA_VLCaudiorate,QoA_VLCaudioloss,QoA_BUFFERINGcount,QoA_BUFFERINGtime,QoS_type,QoS_operator,QoU_sex,QoU_age,QoU_Ustedy,QoF_begin,QoF_shift,QoF_audio,QoF_video,MOS
1724,164,360,474.14542,25.1,0,44.46666667,0,1,3171,4,3,1,30,5,4,5,4,4,4
1729,164,360,2553.8052,24.76666667,12,44.31666667,0,4,45488,4,4,1,30,5,1,5,4,4,1
1725,164,360,529.6951,25.05,0,44.48333333,0,2,2578,2,3,1,30,5,3,5,5,5,4
1726,164,360,901.0695,25.75,1,45.55,0,1,3245,2,3,1,30,5,3,5,4,4,4
1727,164,360,424.71362,30.38333333,1,45.36666667,0,1,4835,2,3,1,30,5,4,5,4,4,4
1728,164,360,435.7972,24.96666667,0,44.13333333,0,2,2216,2,3,1,30,5,3,5,4,4,4
