id,user_id,QoA_VLCresolution,QoA_VLCbitrate,QoA_VLCframerate,QoA_VLCdropped,QoA_VLCaudiorate,QoA_VLCaudioloss,QoA_BUFFERINGcount,QoA_BUFFERINGtime,QoS_type,QoS_operator,QoU_sex,QoU_age,QoU_Ustedy,QoF_begin,QoF_shift,QoF_audio,QoF_video,MOS
291,28,360,661.8048,25.3,0,44.45,0,1,1670,2,2,0,28,5,3,3,3,3,3
290,28,360,605.0367,25.65,0,43.9,1,2,3155,2,2,0,28,5,3,5,2,2,3
293,28,360,543.3766,30.43333333,1,45.03333333,0,2,7892,2,2,0,28,5,4,5,1,4,2
294,28,360,550.25977,25.01666667,0,43.78333333,0,1,2419,4,2,0,28,5,2,5,5,5,5
289,28,360,528.7869,24.95,0,43.8,0,2,1179,2,2,0,28,5,5,5,4,4,5
287,28,360,510.35846,24.8,31,44.08333333,1,10,44900,4,2,0,28,5,3,4,2,3,1
292,28,360,791.97736,30.93333333,1,44.58333333,1,2,5267,4,2,0,28,5,2,4,4,1,3
288,28,360,391.83496,30.28333333,1,44.16666667,0,1,1413,2,2,0,28,5,4,5,4,4,4
