id,user_id,QoA_VLCresolution,QoA_VLCbitrate,QoA_VLCframerate,QoA_VLCdropped,QoA_VLCaudiorate,QoA_VLCaudioloss,QoA_BUFFERINGcount,QoA_BUFFERINGtime,QoS_type,QoS_operator,QoU_sex,QoU_age,QoU_Ustedy,QoF_begin,QoF_shift,QoF_audio,QoF_video,MOS
1632,152,360,86.328835,12.26666667,1,22.45,1,1,6998,5,4,0,29,4,3,5,2,2,2
1637,152,360,55.33115,12.08333333,0,21.81666667,0,1,2375,5,4,0,29,4,4,5,3,3,3
1634,152,360,235.21524,24.91666667,0,21.83333333,0,2,2204,5,4,0,29,5,4,5,3,4,4
1635,152,360,281.6682,24.95,1,22.46666667,0,2,3739,5,4,0,29,4,4,5,3,3,3
1636,152,360,725.4667,25.06666667,0,43.78333333,0,1,3105,5,4,0,29,4,4,5,4,4,4
1631,152,360,835.6238,25.41666667,1,45.21666667,0,2,2892,5,4,1,29,5,5,5,4,4,4
1633,152,360,548.92694,30.48333333,1,45.7,0,1,2044,5,4,0,29,4,4,5,3,5,4
