id,user_id,QoA_VLCresolution,QoA_VLCbitrate,QoA_VLCframerate,QoA_VLCdropped,QoA_VLCaudiorate,QoA_VLCaudioloss,QoA_BUFFERINGcount,QoA_BUFFERINGtime,QoS_type,QoS_operator,QoU_sex,QoU_age,QoU_Ustedy,QoF_begin,QoF_shift,QoF_audio,QoF_video,MOS
1852,176,360,900.29987,25.36666667,1,45.2,0,1,8607,4,3,1,40,5,3,5,4,3,4
1856,176,360,412.9747,30.0,0,44.3,0,1,4071,4,3,1,40,5,4,5,4,4,4
1855,176,360,819.19836,29.63333333,0,43.61666667,0,1,3596,4,3,1,40,5,4,5,5,4,4
1850,176,360,565.23364,30.35,1,45.36666667,0,1,3648,4,3,1,40,5,4,5,3,4,4
1851,176,360,472.6513,25.01666667,0,44.15,0,1,2981,4,3,1,40,5,4,5,4,4,4
1854,176,360,327.17853,29.63333333,0,43.93333333,0,1,3670,4,3,1,40,5,4,5,4,4,4
1857,176,360,383.5177,29.73333333,0,43.96666667,0,1,2607,4,3,1,40,4,4,5,4,4,4
1853,176,360,724.45514,24.96666667,0,44.13333333,0,1,2767,4,3,1,40,5,4,5,4,3,4
1858,176,360,698.12964,25.23333333,1,45.2,0,1,26877,4,3,1,40,4,2,5,3,4,3
