id,user_id,QoA_VLCresolution,QoA_VLCbitrate,QoA_VLCframerate,QoA_VLCdropped,QoA_VLCaudiorate,QoA_VLCaudioloss,QoA_BUFFERINGcount,QoA_BUFFERINGtime,QoS_type,QoS_operator,QoU_sex,QoU_age,QoU_Ustedy,QoF_begin,QoF_shift,QoF_audio,QoF_video,MOS
1867,178,360,528.6959,24.05,0,44.51666667,0,1,2152,4,3,1,23,5,4,5,4,4,4
1870,178,360,217.72295,29.75,0,43.96666667,0,1,4050,4,3,1,23,5,4,5,4,4,4
1865,178,360,487.61118,25.05,0,44.46666667,0,1,3226,4,3,1,23,5,4,5,3,3,4
1869,178,360,245.71848,29.95,0,44.3,0,1,4081,4,3,1,23,5,4,5,4,4,4
1868,178,240,55.18401,24.96666667,0,22.0,0,1,3935,4,3,1,23,5,4,5,4,4,4
1864,178,360,1339.7506,25.86666667,1,45.25,0,1,6645,4,3,1,23,5,4,5,4,4,4
1871,178,360,605.60583,24.96666667,0,44.13333333,0,1,3281,4,3,1,23,5,4,5,3,4,4
1866,178,360,659.38605,25.15,20,44.46666667,0,1,2794,4,3,1,23,5,4,5,4,4,4
