id,user_id,QoA_VLCresolution,QoA_VLCbitrate,QoA_VLCframerate,QoA_VLCdropped,QoA_VLCaudiorate,QoA_VLCaudioloss,QoA_BUFFERINGcount,QoA_BUFFERINGtime,QoS_type,QoS_operator,QoU_sex,QoU_age,QoU_Ustedy,QoF_begin,QoF_shift,QoF_audio,QoF_video,MOS
1712,162,360,150.39824,29.78333333,0,21.8,0,1,1448,5,4,0,50,4,4,5,4,5,4
1710,162,360,71.09482,10.11666667,0,21.83333333,0,1,2176,5,4,0,50,4,3,5,3,5,3
1708,162,360,109.790924,8.6,0,22.16666667,0,1,2568,4,4,0,50,4,2,5,3,4,3
1711,162,360,411.64386,30.03333333,0,43.96666667,0,1,2398,5,4,0,50,4,4,5,4,5,4
1707,162,360,73.939026,8.633333333,1,22.76666667,0,2,3659,4,4,0,50,4,2,4,2,3,2
1713,162,360,86.31781,13.33333333,1,22.26666667,1,1,5773,4,4,0,50,4,3,5,2,4,2
1709,162,360,516.7444,30.16666667,0,43.96666667,0,1,7022,4,4,0,50,4,2,5,4,4,2
