id,user_id,QoA_VLCresolution,QoA_VLCbitrate,QoA_VLCframerate,QoA_VLCdropped,QoA_VLCaudiorate,QoA_VLCaudioloss,QoA_BUFFERINGcount,QoA_BUFFERINGtime,QoS_type,QoS_operator,QoU_sex,QoU_age,QoU_Ustedy,QoF_begin,QoF_shift,QoF_audio,QoF_video,MOS
1670,157,360,105.65545,12.03333333,0,22.08333333,0,1,2237,5,4,0,30,5,3,5,2,3,3
1672,157,360,66.419815,29.65,0,21.83333333,0,1,2668,5,4,0,30,5,3,4,3,3,3
1671,157,240,49.633812,11.93333333,0,21.83333333,0,1,2302,5,4,0,30,5,4,5,3,4,3
1673,157,360,216.99187,29.6,0,43.93333333,0,1,1816,5,4,0,30,5,4,5,5,4,5
1669,157,360,115.977356,11.93333333,0,21.83333333,0,1,2222,5,4,0,30,5,4,5,2,3,3
1668,157,360,358.264,24.73333333,0,43.78333333,0,1,7053,5,4,0,30,5,4,5,4,3,4
