id,user_id,QoA_VLCresolution,QoA_VLCbitrate,QoA_VLCframerate,QoA_VLCdropped,QoA_VLCaudiorate,QoA_VLCaudioloss,QoA_BUFFERINGcount,QoA_BUFFERINGtime,QoS_type,QoS_operator,QoU_sex,QoU_age,QoU_Ustedy,QoF_begin,QoF_shift,QoF_audio,QoF_video,MOS
1574,149,360,69.112274,9.933333333,0,21.83333333,0,2,1923,4,4,1,33,4,3,5,3,4,3
1573,149,360,399.32764,30.03333333,0,44.21666667,0,1,1905,4,4,1,33,5,3,5,5,4,4
1571,149,360,235.04736,24.75,0,21.83333333,0,1,2844,4,4,1,33,4,4,5,2,3,4
1572,149,360,776.7513,25.21666667,1,45.2,0,1,3887,4,4,1,33,4,4,5,4,3,4
1570,149,360,137.16743,13.01666667,1,22.23333333,0,2,2718,4,4,1,33,5,4,5,2,3,4
1588,149,360,407.84384,24.95,0,44.13333333,0,1,8093,5,4,1,33,4,4,5,3,3,4
1569,149,360,204.59846,30.78333333,1,22.66666667,0,1,3688,4,4,1,33,5,3,5,2,3,4
1589,149,360,921.3,30.58333333,1,45.03333333,0,1,4894,5,4,1,33,5,4,5,4,4,4
