id,user_id,QoA_VLCresolution,QoA_VLCbitrate,QoA_VLCframerate,QoA_VLCdropped,QoA_VLCaudiorate,QoA_VLCaudioloss,QoA_BUFFERINGcount,QoA_BUFFERINGtime,QoS_type,QoS_operator,QoU_sex,QoU_age,QoU_Ustedy,QoF_begin,QoF_shift,QoF_audio,QoF_video,MOS
1303,135,360,109.27836,12.1,0,21.83333333,0,1,3047,5,4,0,25,5,4,2,3,3,3
1305,135,360,567.83997,24.76666667,0,43.78333333,0,1,2140,5,4,1,25,5,5,5,4,5,4
1298,135,360,1438.7767,30.01666667,0,43.96666667,0,1,2966,5,4,1,25,5,3,5,4,3,4
1300,135,360,400.19345,30.41666667,0,44.2,0,1,1274,5,4,1,25,5,4,5,4,3,4
1304,135,360,1254.5128,30.06666667,0,44.2,0,1,2865,5,4,1,25,5,5,5,4,5,4
1297,135,360,1984.0651,25.38333333,0,44.15,0,1,1621,5,4,1,25,5,4,5,4,3,4
1302,135,360,91.3395,8.6,1,22.66666667,0,2,3197,5,4,1,25,5,3,4,2,3,2
1299,135,360,184.65962,29.8,17,21.81666667,0,1,3161,5,4,1,25,5,3,2,3,2,3
1301,135,360,48.053066,10.01666667,0,21.78333333,0,2,1272,5,4,1,25,5,4,5,4,4,4
