id,user_id,QoA_VLCresolution,QoA_VLCbitrate,QoA_VLCframerate,QoA_VLCdropped,QoA_VLCaudiorate,QoA_VLCaudioloss,QoA_BUFFERINGcount,QoA_BUFFERINGtime,QoS_type,QoS_operator,QoU_sex,QoU_age,QoU_Ustedy,QoF_begin,QoF_shift,QoF_audio,QoF_video,MOS
1760,166,360,989.03107,30.75,1,45.36666667,0,1,3513,4,3,0,30,5,4,5,4,4,4
1762,166,360,471.8722,25.01666667,0,44.16666667,0,1,2602,2,3,0,30,5,4,5,4,4,4
1761,166,360,423.69046,30.15,1,45.03333333,0,1,4560,2,3,0,30,5,4,5,3,4,3
1764,166,360,728.6545,25.06666667,0,44.46666667,0,1,2660,4,3,0,30,5,4,5,4,4,4
1765,166,360,392.65875,29.56666667,0,43.5,0,1,2682,2,3,0,30,5,3,5,4,4,4
1763,166,360,819.15985,25.46666667,0,45.53333333,0,1,6177,4,3,0,30,5,4,5,4,4,4
