id,user_id,QoA_VLCresolution,QoA_VLCbitrate,QoA_VLCframerate,QoA_VLCdropped,QoA_VLCaudiorate,QoA_VLCaudioloss,QoA_BUFFERINGcount,QoA_BUFFERINGtime,QoS_type,QoS_operator,QoU_sex,QoU_age,QoU_Ustedy,QoF_begin,QoF_shift,QoF_audio,QoF_video,MOS
1788,170,360,728.2986,23.91666667,0,44.18333333,0,1,2673,4,3,1,29,5,4,5,4,4,4
1784,170,240,115.50014,23.88333333,0,22.1,0,2,5443,2,3,1,29,5,3,5,3,4,4
1787,170,360,467.84915,25.06666667,0,44.46666667,0,1,3186,4,3,1,29,5,4,5,4,4,4
1789,170,240,55.01409,24.71666667,0,21.8,0,1,3651,4,3,1,29,5,4,5,4,4,4
1786,170,360,486.86185,24.76666667,0,44.5,0,3,10441,3,3,1,29,5,2,4,4,4,2
1785,170,360,1024.4025,25.5,13,44.66666667,1,4,25239,1,3,1,29,5,2,2,2,2,2
