id,user_id,QoA_VLCresolution,QoA_VLCbitrate,QoA_VLCframerate,QoA_VLCdropped,QoA_VLCaudiorate,QoA_VLCaudioloss,QoA_BUFFERINGcount,QoA_BUFFERINGtime,QoS_type,QoS_operator,QoU_sex,QoU_age,QoU_Ustedy,QoF_begin,QoF_shift,QoF_audio,QoF_video,MOS
265,25,360,793.55505,25.08333333,0,44.46666667,0,1,2052,5,4,1,28,5,3,4,2,3,2
267,25,360,526.8124,25.05,0,44.45,0,1,1667,5,4,0,28,5,4,5,3,4,3
266,25,360,483.2421,30.56666667,3,45.7,0,1,3693,5,4,0,28,5,3,5,3,3,3
268,25,360,327.87695,29.71666667,2,43.96666667,0,1,3009,5,4,0,28,5,3,4,2,2,2
264,25,360,737.19006,24.78333333,0,43.8,0,1,1482,5,4,0,28,5,3,5,4,4,4
269,25,360,397.60385,29.68333333,2,43.96666667,0,1,3907,5,4,0,28,5,4,4,4,2,4
263,25,360,563.60706,24.68333333,0,43.78333333,0,1,1495,5,4,1,28,5,3,5,4,2,4
