id,user_id,QoA_VLCresolution,QoA_VLCbitrate,QoA_VLCframerate,QoA_VLCdropped,QoA_VLCaudiorate,QoA_VLCaudioloss,QoA_BUFFERINGcount,QoA_BUFFERINGtime,QoS_type,QoS_operator,QoU_sex,QoU_age,QoU_Ustedy,QoF_begin,QoF_shift,QoF_audio,QoF_video,MOS
1661,155,360,261.1038,25.91666667,1,22.65,0,1,3357,5,4,0,33,5,4,5,3,4,3
1660,155,360,150.96217,29.65,0,21.83333333,0,2,6923,5,4,0,33,5,2,5,3,3,3
1659,155,360,78.77016,11.93333333,0,21.83333333,0,1,2778,5,4,0,33,5,3,5,3,3,3
1658,155,360,221.31078,29.66666667,0,21.81666667,0,1,2795,5,4,0,33,5,3,5,3,3,3
1657,155,360,55.222576,11.93333333,0,21.83333333,0,1,2205,5,4,0,33,5,4,5,2,3,3
1656,155,360,410.31805,24.65,0,43.78333333,0,1,8002,5,4,0,33,4,4,5,4,3,4
1662,155,360,194.9564,25.25,1,22.58333333,0,1,3521,5,4,0,33,5,3,5,4,3,4
