id,user_id,QoA_VLCresolution,QoA_VLCbitrate,QoA_VLCframerate,QoA_VLCdropped,QoA_VLCaudiorate,QoA_VLCaudioloss,QoA_BUFFERINGcount,QoA_BUFFERINGtime,QoS_type,QoS_operator,QoU_sex,QoU_age,QoU_Ustedy,QoF_begin,QoF_shift,QoF_audio,QoF_video,MOS
744,90,360,471.7334,0.233333333,0,44.78333333,1,2,24319,3,4,1,44,5,1,1,1,5,1
747,90,360,834.40436,25.9,1,44.9,0,2,2614,4,2,1,44,5,4,5,4,4,4
746,90,360,776.7218,0.233333333,1,44.46666667,3,5,35561,2,4,1,44,5,1,1,1,1,1
742,90,360,567.90344,25.23333333,0,44.13333333,0,1,1345,3,4,1,44,5,4,5,4,4,4
745,90,360,473.63916,25.26666667,0,44.13333333,0,2,1183,4,2,1,44,5,4,4,4,4,4
743,90,360,571.4526,24.9,0,43.78333333,0,1,1138,3,4,1,44,5,4,4,3,2,2
748,90,360,413.16318,29.91666667,0,43.96666667,2,1,7343,3,4,1,44,5,3,5,4,4,4
