id,user_id,QoA_VLCresolution,QoA_VLCbitrate,QoA_VLCframerate,QoA_VLCdropped,QoA_VLCaudiorate,QoA_VLCaudioloss,QoA_BUFFERINGcount,QoA_BUFFERINGtime,QoS_type,QoS_operator,QoU_sex,QoU_age,QoU_Ustedy,QoF_begin,QoF_shift,QoF_audio,QoF_video,MOS
56,1,360,391.78363,29.53333333,1,43.53333333,0,1,2343,5,3,1,22,5,5,5,5,5,5
54,1,360,284.54465,24.91666667,9,43.88333333,1,6,42676,2,3,1,22,4,3,4,2,3,2
55,1,360,607.0582,25.23333333,0,44.13333333,0,1,4822,2,3,1,22,4,4,5,4,4,4
53,1,360,775.7542,25.65,1,45.03333333,0,1,6099,2,3,1,22,4,4,3,3,3,3
52,1,360,962.8802,25.95,0,44.61666667,1,1,5354,2,3,1,22,4,4,5,3,1,3
