id,user_id,QoA_VLCresolution,QoA_VLCbitrate,QoA_VLCframerate,QoA_VLCdropped,QoA_VLCaudiorate,QoA_VLCaudioloss,QoA_BUFFERINGcount,QoA_BUFFERINGtime,QoS_type,QoS_operator,QoU_sex,QoU_age,QoU_Ustedy,QoF_begin,QoF_shift,QoF_audio,QoF_video,MOS
475,53,360,657.7213,25.3,1,45.2,0,2,2283,5,2,1,24,5,3,5,4,4,4
470,53,360,466.69287,24.73333333,0,43.78333333,0,1,3543,2,3,1,24,5,4,5,3,3,3
474,53,360,391.91147,30.03333333,0,44.23333333,0,1,2465,5,4,1,24,5,5,4,3,3,3
468,53,360,383.41434,29.91666667,1,43.96666667,0,1,1453,2,4,1,24,5,3,5,5,5,4
469,53,360,1334.588,25.91666667,1,45.55,0,1,4995,2,3,1,24,5,4,5,5,5,5
472,53,240,176.96935,24.91666667,5,22.1,0,2,6900,2,3,1,24,5,4,5,5,5,5
471,53,360,736.1258,23.9,0,44.18333333,0,1,2787,4,3,1,24,5,4,5,5,4,5
473,53,360,131.70636,5.232333,1,12.21666667,5,1,25260,2,4,1,24,5,1,1,1,1,1
