id,user_id,QoA_VLCresolution,QoA_VLCbitrate,QoA_VLCframerate,QoA_VLCdropped,QoA_VLCaudiorate,QoA_VLCaudioloss,QoA_BUFFERINGcount,QoA_BUFFERINGtime,QoS_type,QoS_operator,QoU_sex,QoU_age,QoU_Ustedy,QoF_begin,QoF_shift,QoF_audio,QoF_video,MOS
794,100,360,707.67377,25.33333333,1,45.2,0,1,3116,4,3,1,52,5,4,3,3,2,3
796,100,360,327.10538,29.68333333,0,43.96666667,0,1,2555,2,3,1,52,5,3,4,3,2,3
798,100,360,895.9229,29.93333333,0,44.05,0,1,2719,2,3,1,52,5,4,4,3,2,3
795,100,360,844.24054,25.06666667,0,44.46666667,0,1,2049,2,3,1,52,5,3,4,3,2,3
797,100,360,579.43787,30.11666667,0,44.3,0,2,1310,2,3,1,52,5,4,4,3,2,4
