id,user_id,QoA_VLCresolution,QoA_VLCbitrate,QoA_VLCframerate,QoA_VLCdropped,QoA_VLCaudiorate,QoA_VLCaudioloss,QoA_BUFFERINGcount,QoA_BUFFERINGtime,QoS_type,QoS_operator,QoU_sex,QoU_age,QoU_Ustedy,QoF_begin,QoF_shift,QoF_audio,QoF_video,MOS
347,35,360,578.273,30.06666667,0,44.26666667,0,2,2010,4,4,0,37,5,4,5,5,5,5
350,35,240,119.57998,23.93333333,0,22.1,0,1,2189,4,4,0,37,5,4,5,3,4,3
343,35,360,300.05185,30.28333333,0,44.18333333,0,1,1972,2,1,0,37,5,3,5,4,4,4
344,35,360,729.8542,24.68333333,0,43.78333333,0,1,1764,4,4,0,37,5,5,5,4,3,4
345,35,360,626.3542,25.28333333,1,44.45,0,1,1171,2,1,0,37,5,4,3,4,2,3
349,35,360,754.5763,25.26666667,1,44.15,0,2,916,2,1,0,37,5,4,4,4,4,4
346,35,360,665.9405,24.85,0,43.8,0,1,1638,5,4,0,37,5,4,4,4,5,4
348,35,360,754.5763,25.26666667,1,44.15,0,2,916,2,1,0,37,5,4,4,4,4,4
