id,user_id,QoA_VLCresolution,QoA_VLCbitrate,QoA_VLCframerate,QoA_VLCdropped,QoA_VLCaudiorate,QoA_VLCaudioloss,QoA_BUFFERINGcount,QoA_BUFFERINGtime,QoS_type,QoS_operator,QoU_sex,QoU_age,QoU_Ustedy,QoF_begin,QoF_shift,QoF_audio,QoF_video,MOS
1464,139,360,93.347404,11.93333333,0,21.81666667,0,1,2419,5,4,1,39,5,4,5,5,4,5
1444,139,360,73.827446,8.633333333,1,22.7,0,1,2548,5,4,1,39,5,4,5,3,4,4
1435,139,360,68.39295,11.93333333,0,21.83333333,0,1,2162,5,4,1,39,5,4,4,2,2,2
1443,139,360,235.18333,29.81666667,0,21.81666667,0,2,1496,4,4,1,39,5,5,5,3,4,3
1465,139,360,182.79553,24.71666667,0,21.8,0,1,3888,5,4,1,39,5,4,5,4,4,4
1437,139,360,293.6405,24.75,0,43.13333,0,1,2114,5,4,1,39,5,3,4,4,4,4
