id,user_id,QoA_VLCresolution,QoA_VLCbitrate,QoA_VLCframerate,QoA_VLCdropped,QoA_VLCaudiorate,QoA_VLCaudioloss,QoA_BUFFERINGcount,QoA_BUFFERINGtime,QoS_type,QoS_operator,QoU_sex,QoU_age,QoU_Ustedy,QoF_begin,QoF_shift,QoF_audio,QoF_video,MOS
1705,161,360,137.34753,12.23333333,1,22.63333333,0,1,5034,4,4,0,45,5,2,5,2,3,2
1706,161,360,81.42018,8.466666667,0,21.8,0,1,2176,4,4,0,45,4,3,4,2,4,2
1703,161,360,63.670383,12.21666667,1,22.65,0,1,4259,4,4,0,45,5,2,5,2,3,2
1704,161,360,204.47592,30.3,1,22.76666667,0,1,5220,4,4,0,45,5,3,5,2,3,2
1701,161,360,74.50701,8.483333333,0,21.83333333,0,1,1431,4,3,0,45,4,3,3,1,2,1
1702,161,360,528.62866,25.06666667,0,43.8,0,1,2616,5,4,0,45,4,3,3,1,3,2
