id,user_id,QoA_VLCresolution,QoA_VLCbitrate,QoA_VLCframerate,QoA_VLCdropped,QoA_VLCaudiorate,QoA_VLCaudioloss,QoA_BUFFERINGcount,QoA_BUFFERINGtime,QoS_type,QoS_operator,QoU_sex,QoU_age,QoU_Ustedy,QoF_begin,QoF_shift,QoF_audio,QoF_video,MOS
1682,158,360,523.2904,23.6,0,44.48333333,0,4,14675,4,3,1,40,5,1,3,3,3,2
1681,158,360,224.46495,30.11666667,0,44.3,0,1,4680,2,3,1,40,5,3,5,4,3,4
1676,158,360,94.920555,11.93333333,0,21.83333333,0,2,2345,5,4,1,40,5,4,5,2,3,3
1691,158,360,607.1274,25.46666667,1,45.2,0,1,3144,5,1,1,40,5,3,4,4,4,4
1675,158,360,614.3699,29.63333333,0,43.95,0,1,3118,5,4,1,40,5,3,5,4,4,4
1690,158,360,566.32764,24.73333333,1,43.8,0,1,2300,5,1,1,40,5,3,5,4,4,4
1674,158,360,606.42456,25.08333333,0,44.46666667,0,1,6990,5,4,1,40,5,1,5,4,4,4
1677,158,360,491.378,29.68333333,0,43.96666667,0,1,2099,5,4,1,40,5,4,5,5,5,5
1689,158,360,566.8959,24.75,0,43.78333333,0,1,2091,5,1,1,40,5,3,5,4,5,4
