id,user_id,QoA_VLCresolution,QoA_VLCbitrate,QoA_VLCframerate,QoA_VLCdropped,QoA_VLCaudiorate,QoA_VLCaudioloss,QoA_BUFFERINGcount,QoA_BUFFERINGtime,QoS_type,QoS_operator,QoU_sex,QoU_age,QoU_Ustedy,QoF_begin,QoF_shift,QoF_audio,QoF_video,MOS
1897,179,360,195.5248,25.35,1,22.55,0,2,3480,4,4,1,26,5,4,5,2,4,2
1875,179,360,1552.4111,30.01666667,0,44.2,0,1,2610,5,4,1,26,4,4,3,4,3,4
1874,179,360,556.2087,29.65,0,43.95,0,1,5947,4,3,1,26,5,4,5,3,4,4
1872,179,360,670.69415,29.71666667,0,43.96666667,0,1,8667,4,3,1,26,5,3,4,3,3,2
1873,179,360,530.2604,25.0,0,44.13333333,0,1,4357,4,3,1,26,5,4,5,4,4,4
