id,user_id,QoA_VLCresolution,QoA_VLCbitrate,QoA_VLCframerate,QoA_VLCdropped,QoA_VLCaudiorate,QoA_VLCaudioloss,QoA_BUFFERINGcount,QoA_BUFFERINGtime,QoS_type,QoS_operator,QoU_sex,QoU_age,QoU_Ustedy,QoF_begin,QoF_shift,QoF_audio,QoF_video,MOS
740,89,360,300.27014,24.3,0,44.18333333,0,1,1962,3,4,0,23,5,4,5,5,5,5
741,89,360,391.74503,30.11666667,0,44.33333333,0,1,2223,4,4,0,23,5,4,4,4,4,4
737,89,360,558.4533,24.93333333,0,43.78333333,0,1,1082,2,4,0,23,5,3,5,4,4,4
736,89,360,847.2509,0.233333333,1,44.51666667,1,1,22314,2,4,0,23,5,1,1,1,1,1
735,89,360,833.9719,0.233333333,1,44.65,1,2,23840,2,4,0,23,5,1,1,1,1,1
739,89,360,245.38089,29.9,3,43.95,3,1,1243,2,4,0,23,5,3,5,4,5,4
738,89,360,186.58112,30.3,0,44.2,4,1,1621,2,4,0,23,5,3,5,4,4,4
