id,user_id,QoA_VLCresolution,QoA_VLCbitrate,QoA_VLCframerate,QoA_VLCdropped,QoA_VLCaudiorate,QoA_VLCaudioloss,QoA_BUFFERINGcount,QoA_BUFFERINGtime,QoS_type,QoS_operator,QoU_sex,QoU_age,QoU_Ustedy,QoF_begin,QoF_shift,QoF_audio,QoF_video,MOS
2077,181,360,110.63824,12.11666667,0,22.16666667,0,1,3034,5,4,1,19,4,4,5,3,4,3
2075,181,360,74.52797,8.316666667,0,21.81666667,0,1,2072,5,1,1,19,4,3,2,2,3,2
2073,181,360,573.44,25.15,0,44.48333333,0,1,2409,5,1,1,19,5,3,5,4,5,4
2074,181,360,230.72343,25.5,1,22.66666667,0,1,2559,5,1,1,19,4,3,3,2,4,3
2072,181,360,474.00092,24.75,0,43.78333333,0,1,2466,5,1,1,19,5,4,4,4,4,4
2071,181,360,315.34894,25.65,1,44.85,0,1,6247,4,4,1,19,5,4,5,4,4,4
