id,user_id,QoA_VLCresolution,QoA_VLCbitrate,QoA_VLCframerate,QoA_VLCdropped,QoA_VLCaudiorate,QoA_VLCaudioloss,QoA_BUFFERINGcount,QoA_BUFFERINGtime,QoS_type,QoS_operator,QoU_sex,QoU_age,QoU_Ustedy,QoF_begin,QoF_shift,QoF_audio,QoF_video,MOS
385,40,360,543.03894,30.18333333,1,45.03333333,0,1,6671,5,4,1,21,5,2,5,4,4,3
383,40,360,399.19598,29.93333333,0,43.65,0,2,1890,2,2,1,21,5,4,5,4,4,4
379,40,360,409.08536,29.98333333,1,43.96666667,0,1,2084,3,1,1,21,5,4,5,4,5,4
381,40,360,606.64685,24.71666667,0,43.8,0,1,1388,5,4,1,21,5,4,5,4,4,4
387,40,360,518.2828,25.58333333,1,44.3,1,2,6028,2,2,1,21,5,4,5,4,4,4
378,40,360,575.551,4.266666667,21,43.78333333,2,2,9644,1,1,1,21,5,3,1,2,3,2
380,40,360,550.9423,25.25,0,44.13333333,0,1,1682,2,2,1,21,5,4,5,4,4,4
