id,user_id,QoA_VLCresolution,QoA_VLCbitrate,QoA_VLCframerate,QoA_VLCdropped,QoA_VLCaudiorate,QoA_VLCaudioloss,QoA_BUFFERINGcount,QoA_BUFFERINGtime,QoS_type,QoS_operator,QoU_sex,QoU_age,QoU_Ustedy,QoF_begin,QoF_shift,QoF_audio,QoF_video,MOS
775,96,360,392.50256,30.05,0,44.23333333,0,1,2163,4,3,1,23,5,2,2,2,4,4
778,96,360,833.5777,25.45,1,45.2,0,2,8126,4,3,1,23,5,3,3,4,3,3
779,96,360,1188.475,30.73333333,1,45.36666667,0,2,3091,4,3,1,23,5,4,2,3,2,4
777,96,360,708.6914,24.85,0,44.13333333,0,2,4207,4,3,1,23,5,3,3,4,3,3
776,96,360,658.6268,25.03333333,0,44.45,0,1,1960,2,3,1,23,5,2,2,4,3,3
781,96,360,580.5698,25.68333333,1,45.88333333,0,1,4381,4,3,1,23,5,4,4,3,2,4
780,96,360,495.42706,25.08333333,0,44.46666667,0,1,1836,4,3,1,23,5,4,4,3,2,4
