id,user_id,QoA_VLCresolution,QoA_VLCbitrate,QoA_VLCframerate,QoA_VLCdropped,QoA_VLCaudiorate,QoA_VLCaudioloss,QoA_BUFFERINGcount,QoA_BUFFERINGtime,QoS_type,QoS_operator,QoU_sex,QoU_age,QoU_Ustedy,QoF_begin,QoF_shift,QoF_audio,QoF_video,MOS
1773,167,360,761.7333,25.25,3,45.21666667,0,2,7894,4,3,0,30,5,4,5,4,3,3
1771,167,360,468.57828,30.33333333,1,45.36666667,0,1,3778,4,3,0,30,5,4,5,4,4,4
1769,167,360,833.6795,25.56666667,1,45.2,1,1,5090,2,3,0,30,5,3,5,3,3,3
1770,167,360,1204.3717,31.01666667,1,45.7,0,1,3724,4,3,0,30,5,2,5,4,4,4
1767,167,360,473.04343,24.76666667,0,43.78333333,0,1,3106,4,3,0,30,5,4,5,4,4,4
1768,167,360,564.7961,25.11666667,0,44.48333333,0,1,3576,4,3,0,30,5,4,5,4,4,4
1772,167,360,439.07904,24.51666667,0,43.78333333,0,3,5233,4,3,0,30,5,3,3,4,4,3
1766,167,360,664.34607,25.08333333,0,44.46666667,0,1,2518,4,3,0,30,5,4,5,4,4,4
