id,user_id,QoA_VLCresolution,QoA_VLCbitrate,QoA_VLCframerate,QoA_VLCdropped,QoA_VLCaudiorate,QoA_VLCaudioloss,QoA_BUFFERINGcount,QoA_BUFFERINGtime,QoS_type,QoS_operator,QoU_sex,QoU_age,QoU_Ustedy,QoF_begin,QoF_shift,QoF_audio,QoF_video,MOS
194,16,360,661.51935,25.35,0,44.46666667,0,1,10203,4,4,1,27,5,1,2,1,2,2
193,16,360,664.8074,25.16666667,0,44.46666667,0,1,1940,5,4,1,27,5,3,4,2,3,2
192,16,360,837.1477,25.86666667,1,44.81666667,1,2,3173,4,4,1,27,5,4,4,3,4,3
191,16,360,820.43066,25.7,1,45.55,0,2,2729,5,4,1,27,5,3,5,4,3,3
195,16,360,953.74475,31.01666667,6,45.7,0,1,4554,5,4,1,27,5,3,4,4,4,4
196,16,360,424.24118,0.233333333,1,44.3,7,1,16688,2,1,1,27,5,1,1,1,4,1
