id,user_id,QoA_VLCresolution,QoA_VLCbitrate,QoA_VLCframerate,QoA_VLCdropped,QoA_VLCaudiorate,QoA_VLCaudioloss,QoA_BUFFERINGcount,QoA_BUFFERINGtime,QoS_type,QoS_operator,QoU_sex,QoU_age,QoU_Ustedy,QoF_begin,QoF_shift,QoF_audio,QoF_video,MOS
242,21,360,578.6132,30.28333333,1,44.2,0,1,1505,2,1,0,27,5,2,5,5,5,5
235,21,360,453.79944,25.25,1,44.13333333,0,1,1447,2,1,0,27,5,2,5,5,5,5
239,21,360,196.01994,24.36666667,0,44.3,0,2,1386,4,4,0,27,5,5,5,5,5,5
236,21,360,186.60954,30.33333333,0,44.21666667,0,2,1641,4,4,0,27,5,4,5,5,5,5
237,21,360,776.7097,0.25,1,44.23333333,8,1,17560,2,1,0,27,5,2,1,1,3,2
241,21,360,1339.0822,26.15,1,44.81666667,1,2,4185,4,4,0,27,5,5,5,5,5,5
238,21,360,1108.0217,30.11666667,1,44.05,1,2,3395,4,4,0,27,5,5,5,5,5,5
233,21,360,467.90424,0.3,1,44.4,12,1,17547,2,1,0,27,5,1,2,2,2,2
240,21,360,326.87155,29.91666667,0,43.96666667,0,1,1682,2,1,0,27,5,1,5,5,5,5
