id,user_id,QoA_VLCresolution,QoA_VLCbitrate,QoA_VLCframerate,QoA_VLCdropped,QoA_VLCaudiorate,QoA_VLCaudioloss,QoA_BUFFERINGcount,QoA_BUFFERINGtime,QoS_type,QoS_operator,QoU_sex,QoU_age,QoU_Ustedy,QoF_begin,QoF_shift,QoF_audio,QoF_video,MOS
1783,169,360,360.45676,24.08333333,0,44.26666667,0,1,6008,4,3,1,45,4,4,5,5,5,5
1780,169,360,330.38254,25.28333333,1,45.4,0,3,10593,4,3,1,45,4,2,3,4,3,2
1782,169,360,224.15878,29.86666667,0,44.16666667,0,2,6714,4,3,1,45,4,3,4,4,4,4
1781,169,360,399.16547,30.38333333,0,44.21666667,0,3,5268,4,3,1,45,4,3,5,4,4,4
1779,169,360,658.9959,25.16666667,0,45.2,0,1,11088,4,3,1,45,4,3,5,3,4,4
