id,user_id,QoA_VLCresolution,QoA_VLCbitrate,QoA_VLCframerate,QoA_VLCdropped,QoA_VLCaudiorate,QoA_VLCaudioloss,QoA_BUFFERINGcount,QoA_BUFFERINGtime,QoS_type,QoS_operator,QoU_sex,QoU_age,QoU_Ustedy,QoF_begin,QoF_shift,QoF_audio,QoF_video,MOS
728,87,360,413.06134,29.85,0,44.26666667,0,1,4810,2,3,1,28,5,4,5,4,2,4
727,87,360,895.67377,29.33333333,0,43.88333333,0,4,8071,2,3,1,28,5,3,5,2,2,2
729,87,360,390.01984,30.05,0,44.2,0,1,3470,4,3,1,28,5,4,4,4,4,4
730,87,360,530.6387,24.13333333,80,43.78333333,0,5,13550,2,3,1,28,5,4,4,3,3,2
726,87,360,331.78217,29.78333333,0,43.96666667,0,1,6412,4,3,1,28,5,4,5,5,4,5
724,87,360,819.04846,25.51666667,7,45.53333333,0,1,12292,2,3,1,28,5,1,2,3,3,2
725,87,360,722.55536,24.93333333,0,44.13333333,0,1,2060,2,3,1,28,5,4,5,4,4,4
