id,user_id,QoA_VLCresolution,QoA_VLCbitrate,QoA_VLCframerate,QoA_VLCdropped,QoA_VLCaudiorate,QoA_VLCaudioloss,QoA_BUFFERINGcount,QoA_BUFFERINGtime,QoS_type,QoS_operator,QoU_sex,QoU_age,QoU_Ustedy,QoF_begin,QoF_shift,QoF_audio,QoF_video,MOS
1653,154,360,137.29729,13.03333333,1,22.65,0,1,4212,5,4,0,30,4,3,5,1,2,2
1650,154,360,93.65086,11.93333333,0,21.83333333,0,1,1885,5,4,0,30,4,3,5,1,2,1
1655,154,360,73.76212,8.666666667,1,22.7,0,1,2728,5,4,0,30,5,4,3,1,2,2
1651,154,360,607.00867,25.43333333,1,45.2,0,1,2747,5,4,0,30,4,5,5,4,4,4
1652,154,360,204.47093,30.81666667,1,22.68333333,0,2,1743,5,4,0,30,5,4,5,2,3,2
1649,154,360,171.75517,24.75,0,21.83333333,0,1,3082,5,4,0,30,5,4,5,2,3,3
1654,154,360,453.23734,24.63333333,0,43.78333333,0,1,1712,5,4,0,30,4,4,5,5,5,5
