id,user_id,QoA_VLCresolution,QoA_VLCbitrate,QoA_VLCframerate,QoA_VLCdropped,QoA_VLCaudiorate,QoA_VLCaudioloss,QoA_BUFFERINGcount,QoA_BUFFERINGtime,QoS_type,QoS_operator,QoU_sex,QoU_age,QoU_Ustedy,QoF_begin,QoF_shift,QoF_audio,QoF_video,MOS
1694,159,360,235.53598,24.71666667,0,21.81666667,0,1,2297,4,1,1,55,4,3,4,3,4,3
1693,159,360,425.55438,30.08333333,2,45.03333333,0,1,4006,4,1,1,55,5,4,5,5,5,5
1696,159,360,109.41972,8.316666667,0,21.83333333,0,1,3373,4,1,1,55,4,3,3,1,3,2
1695,159,360,279.4861,25.58333333,4,22.73333333,0,1,7474,4,1,1,55,5,3,4,3,4,3
1697,159,360,408.66455,29.71666667,0,43.96666667,0,1,5901,4,1,1,55,4,3,4,4,4,4
1692,159,360,3652.6055,30.6,1,45.03333333,0,1,4648,5,1,1,55,4,3,5,4,4,4
