id,user_id,QoA_VLCresolution,QoA_VLCbitrate,QoA_VLCframerate,QoA_VLCdropped,QoA_VLCaudiorate,QoA_VLCaudioloss,QoA_BUFFERINGcount,QoA_BUFFERINGtime,QoS_type,QoS_operator,QoU_sex,QoU_age,QoU_Ustedy,QoF_begin,QoF_shift,QoF_audio,QoF_video,MOS
1664,156,360,224.32558,30.11666667,0,44.31666667,0,1,2337,5,4,0,30,5,4,5,5,5,5
1663,156,360,109.31969,11.93333333,0,21.83333333,0,1,1799,5,4,0,55,5,4,5,2,3,2
1665,156,360,1261.7224,24.08333333,0,44.28333333,0,2,1098,5,4,0,34,5,4,5,5,5,5
1667,156,360,315.40396,25.81666667,1,22.66666667,0,1,3598,5,4,0,55,5,3,5,3,4,4
1666,156,240,490.89038,23.85,0,44.18333333,0,1,1729,5,4,0,55,5,4,5,3,4,4
