id,user_id,QoA_VLCresolution,QoA_VLCbitrate,QoA_VLCframerate,QoA_VLCdropped,QoA_VLCaudiorate,QoA_VLCaudioloss,QoA_BUFFERINGcount,QoA_BUFFERINGtime,QoS_type,QoS_operator,QoU_sex,QoU_age,QoU_Ustedy,QoF_begin,QoF_shift,QoF_audio,QoF_video,MOS
1354,137,360,230.62857,25.18333333,1,22.7,0,2,1811,5,4,1,26,5,4,4,3,3,3
1353,137,360,93.6562,12.1,0,21.83333333,0,1,2203,5,4,1,26,5,4,4,2,4,2
1348,137,360,2196.6013,25.31666667,0,44.13333333,0,1,2290,5,4,1,26,5,5,5,5,5,5
1346,137,360,293.7854,24.88333333,0,21.8,0,1,1651,5,4,1,26,5,5,5,2,5,3
1350,137,360,390.83112,30.48333333,1,44.3,0,1,1418,5,4,1,26,5,5,5,4,4,4
1352,137,360,409.55862,25.46666667,0,44.46666667,0,1,1197,5,4,1,26,5,4,5,4,4,4
1347,137,360,74.53209,8.466666667,0,21.81666667,0,1,1296,5,4,1,26,5,5,5,1,1,1
1351,137,360,82.98645,12.1,0,21.83333333,0,1,1216,5,4,1,26,5,4,4,2,3,2
