id,user_id,QoA_VLCresolution,QoA_VLCbitrate,QoA_VLCframerate,QoA_VLCdropped,QoA_VLCaudiorate,QoA_VLCaudioloss,QoA_BUFFERINGcount,QoA_BUFFERINGtime,QoS_type,QoS_operator,QoU_sex,QoU_age,QoU_Ustedy,QoF_begin,QoF_shift,QoF_audio,QoF_video,MOS
416,47,360,411.78122,30.11666667,1,44.26666667,5,1,2796,3,1,1,26,5,4,5,5,5,5
420,47,360,205.63939,29.65,0,43.95,0,1,1785,5,4,1,26,5,3,5,5,5,5
422,47,360,612.11127,29.61666667,1,43.63333333,0,1,2014,5,4,1,26,5,4,5,3,3,4
424,47,360,556.0123,29.66666667,0,43.93333333,0,2,2701,5,4,1,26,5,3,5,2,1,2
418,47,360,299.96722,24.11666667,0,44.26666667,0,2,944,5,4,1,26,5,3,5,5,5,5
