id,user_id,QoA_VLCresolution,QoA_VLCbitrate,QoA_VLCframerate,QoA_VLCdropped,QoA_VLCaudiorate,QoA_VLCaudioloss,QoA_BUFFERINGcount,QoA_BUFFERINGtime,QoS_type,QoS_operator,QoU_sex,QoU_age,QoU_Ustedy,QoF_begin,QoF_shift,QoF_audio,QoF_video,MOS
372,39,360,1150.0029,30.65,1,45.03333333,0,1,3213,5,4,1,20,5,4,5,4,4,4
373,39,360,603.7858,24.98333333,0,44.13333333,0,1,2079,4,4,1,20,5,4,4,4,4,4
371,39,360,154.42982,29.58333333,0,43.63333333,0,1,2564,4,4,1,20,5,4,5,5,5,4
374,39,360,777.36707,25.6,1,45.53333333,0,1,3154,5,4,1,20,5,4,5,4,4,4
375,39,360,572.9158,29.73333333,0,43.96666667,0,1,2601,5,4,1,20,5,4,5,4,4,4
369,39,360,383.31818,29.78333333,0,43.96666667,0,1,1744,4,4,1,20,5,4,5,5,4,4
370,39,360,735.55145,24.71666667,0,43.8,0,1,1808,5,4,1,20,5,4,5,4,5,4
377,39,360,965.13104,25.75,1,45.2,0,1,3480,5,4,1,20,5,4,5,4,5,4
376,39,360,816.5829,30.13333333,1,45.35,0,1,3038,5,4,1,20,5,4,5,5,5,4
