id,user_id,QoA_VLCresolution,QoA_VLCbitrate,QoA_VLCframerate,QoA_VLCdropped,QoA_VLCaudiorate,QoA_VLCaudioloss,QoA_BUFFERINGcount,QoA_BUFFERINGtime,QoS_type,QoS_operator,QoU_sex,QoU_age,QoU_Ustedy,QoF_begin,QoF_shift,QoF_audio,QoF_video,MOS
1556,147,360,1813.1174,25.13333333,0,44.48333333,0,1,2622,5,4,1,28,5,4,4,5,4,5
1555,147,360,409.51236,25.13333333,0,44.46666667,0,1,2294,5,4,1,28,5,4,4,4,3,4
1554,147,360,660.4238,24.78333333,0,43.78333333,0,1,3661,5,4,1,28,5,4,4,4,4,4
1558,147,360,3918.2935,30.86666667,1,45.36666667,0,1,4063,5,4,1,28,5,4,5,4,1,4
1553,147,360,572.68866,29.61666667,0,43.63333333,0,1,4016,5,4,1,28,5,3,5,4,4,4
1557,147,360,229.70158,25.5,1,22.66666667,0,1,2811,5,4,1,28,5,3,5,3,4,3
1552,147,360,94.923355,11.95,0,21.83333333,0,1,3163,5,4,1,28,5,3,5,2,4,3
