id,user_id,QoA_VLCresolution,QoA_VLCbitrate,QoA_VLCframerate,QoA_VLCdropped,QoA_VLCaudiorate,QoA_VLCaudioloss,QoA_BUFFERINGcount,QoA_BUFFERINGtime,QoS_type,QoS_operator,QoU_sex,QoU_age,QoU_Ustedy,QoF_begin,QoF_shift,QoF_audio,QoF_video,MOS
222,20,360,218.10805,29.63333333,0,43.88333333,0,1,6648,5,4,1,29,5,3,3,3,3,4
220,20,360,663.82733,25.1,0,44.46666667,0,1,1648,5,4,1,29,5,4,4,2,3,3
225,20,360,838.63574,0.233333333,1,44.5,8,3,23296,2,1,1,29,5,1,1,1,2,1
217,20,360,1150.2666,30.76666667,8,45.36666667,0,2,2910,5,4,1,29,5,5,5,5,5,5
219,20,360,409.55005,25.1,0,44.46666667,0,1,1699,5,4,1,29,5,4,4,4,4,4
215,20,360,661.81635,24.76666667,0,43.78333333,0,1,1703,5,4,1,29,5,5,5,5,5,5
228,20,360,736.0236,24.1,0,44.18333333,4,1,2062,2,1,1,29,5,3,5,4,4,4
