id,user_id,QoA_VLCresolution,QoA_VLCbitrate,QoA_VLCframerate,QoA_VLCdropped,QoA_VLCaudiorate,QoA_VLCaudioloss,QoA_BUFFERINGcount,QoA_BUFFERINGtime,QoS_type,QoS_operator,QoU_sex,QoU_age,QoU_Ustedy,QoF_begin,QoF_shift,QoF_audio,QoF_video,MOS
1859,177,360,380.67197,25.7,1,45.53333333,0,1,4418,4,3,1,17,4,4,5,4,4,4
1860,177,360,400.7828,30.0,0,44.11666667,0,1,2673,4,3,1,17,5,4,5,4,4,4
1861,177,360,279.61676,29.56666667,0,43.51666667,0,1,7030,4,3,1,17,5,4,5,4,4,4
1863,177,240,115.46649,23.98333333,0,22.1,0,1,3119,4,3,1,17,5,4,4,3,3,4
1862,177,360,336.78394,23.71666667,0,43.6,0,1,6209,4,3,1,17,5,4,5,5,5,4
