id,user_id,QoA_VLCresolution,QoA_VLCbitrate,QoA_VLCframerate,QoA_VLCdropped,QoA_VLCaudiorate,QoA_VLCaudioloss,QoA_BUFFERINGcount,QoA_BUFFERINGtime,QoS_type,QoS_operator,QoU_sex,QoU_age,QoU_Ustedy,QoF_begin,QoF_shift,QoF_audio,QoF_video,MOS
1843,175,360,400.24234,29.95,0,44.06666667,0,2,2013,4,3,1,52,5,4,5,4,4,4
1847,175,360,705.5297,25.03333333,0,44.45,0,1,2684,4,3,1,52,5,4,5,4,4,4
1848,175,360,550.9163,25.58333333,24,45.71666667,0,2,18759,4,3,1,52,5,3,4,3,4,3
1849,175,360,503.80164,29.91666667,58,44.7,0,8,39053,4,3,1,52,5,4,5,4,4,2
1846,175,360,562.1253,24.98333333,0,44.13333333,0,1,2691,4,3,1,52,5,4,5,4,4,4
1845,175,360,731.56635,24.68333333,0,43.78333333,0,1,2346,4,3,1,52,5,4,5,4,4,4
1844,175,360,392.51273,29.7,0,43.93333333,0,2,4465,4,3,1,52,5,4,5,4,4,4
1842,175,360,424.0901,25.8,1,45.53333333,0,1,8271,4,3,1,52,5,3,5,4,4,4
