id,user_id,QoA_VLCresolution,QoA_VLCbitrate,QoA_VLCframerate,QoA_VLCdropped,QoA_VLCaudiorate,QoA_VLCaudioloss,QoA_BUFFERINGcount,QoA_BUFFERINGtime,QoS_type,QoS_operator,QoU_sex,QoU_age,QoU_Ustedy,QoF_begin,QoF_shift,QoF_audio,QoF_video,MOS
678,86,360,705.9729,25.0,0,44.13333333,0,1,2568,4,3,1,25,5,3,5,5,5,5
681,86,360,991.6807,30.66666667,1,45.05,0,1,5974,4,3,1,25,5,3,5,4,3,4
682,86,360,922.36066,30.78333333,1,45.36666667,0,2,5027,4,3,1,25,5,4,4,4,3,3
680,86,360,571.3738,24.8,0,43.78333333,0,1,3631,4,3,1,25,5,3,4,3,3,3
679,86,360,607.5371,25.38333333,1,44.85,2,1,6070,4,3,1,25,5,3,4,4,4,3
718,86,360,549.678,24.75,4,44.13333333,0,2,4583,2,3,1,25,5,3,4,3,4,4
683,86,360,540.14966,30.23333333,0,45.36666667,0,1,5432,4,3,1,25,5,3,5,4,3,4
