id,user_id,QoA_VLCresolution,QoA_VLCbitrate,QoA_VLCframerate,QoA_VLCdropped,QoA_VLCaudiorate,QoA_VLCaudioloss,QoA_BUFFERINGcount,QoA_BUFFERINGtime,QoS_type,QoS_operator,QoU_sex,QoU_age,QoU_Ustedy,QoF_begin,QoF_shift,QoF_audio,QoF_video,MOS
886,115,360,582.0647,24.68333333,0,43.78333333,0,1,2654,4,3,0,27,5,4,5,4,4,4
887,115,360,653.19006,29.75,0,43.96666667,0,1,2663,4,3,0,27,5,4,5,3,4,4
890,115,360,301.90765,30.11666667,0,44.3,0,1,2676,4,3,0,27,5,4,4,3,4,3
889,115,360,571.1213,29.68333333,0,43.96666667,0,1,2644,2,3,0,27,5,4,5,4,5,4
891,115,360,474.25247,25.01666667,0,44.15,0,1,2891,4,3,0,27,5,4,5,4,4,4
892,115,360,683.07196,24.71666667,0,43.8,0,1,2486,4,3,0,27,5,4,4,3,4,4
888,115,360,523.9255,25.11666667,0,44.46666667,0,1,2886,3,3,0,27,5,4,5,4,5,4
