id,user_id,QoA_VLCresolution,QoA_VLCbitrate,QoA_VLCframerate,QoA_VLCdropped,QoA_VLCaudiorate,QoA_VLCaudioloss,QoA_BUFFERINGcount,QoA_BUFFERINGtime,QoS_type,QoS_operator,QoU_sex,QoU_age,QoU_Ustedy,QoF_begin,QoF_shift,QoF_audio,QoF_video,MOS
755,93,360,413.5134,29.98333333,1,43.96666667,0,2,2039,2,2,0,19,5,3,5,5,5,4
761,93,360,564.75665,24.93333333,0,43.78333333,0,2,927,2,2,0,19,5,4,5,5,5,5
763,93,360,571.55615,29.78333333,3,43.96666667,0,1,2356,5,1,0,19,5,4,5,4,5,4
759,93,360,217.36572,29.9,0,43.95,0,1,1385,3,4,0,19,5,4,5,4,4,4
757,93,360,1635.5052,18.8,0,34.63333333,0,2,929,5,1,0,19,5,4,5,5,5,5
