id,user_id,QoA_VLCresolution,QoA_VLCbitrate,QoA_VLCframerate,QoA_VLCdropped,QoA_VLCaudiorate,QoA_VLCaudioloss,QoA_BUFFERINGcount,QoA_BUFFERINGtime,QoS_type,QoS_operator,QoU_sex,QoU_age,QoU_Ustedy,QoF_begin,QoF_shift,QoF_audio,QoF_video,MOS
466,52,360,409.54266,25.23333333,0,44.13333333,0,1,1710,2,4,1,26,5,4,5,4,4,4
462,52,360,684.42847,25.33333333,1,45.2,0,1,4097,2,1,1,26,5,3,5,4,4,4
460,52,360,399.15836,30.38333333,0,44.23333333,0,3,2374,4,3,1,26,5,1,4,5,3,4
465,52,360,301.0306,25.43333333,1,44.85,0,1,4938,5,4,1,26,5,4,5,4,4,4
464,52,360,658.0792,24.73333333,0,43.8,0,2,876,5,4,1,26,5,4,5,5,5,5
467,52,360,399.86847,29.9,2,43.95,0,1,1201,3,4,1,26,5,4,5,5,5,5
463,52,360,326.75986,29.68333333,0,43.96666667,0,1,2348,4,1,1,26,5,4,5,5,5,5
461,52,240,115.23784,23.96666667,0,22.1,0,1,4171,2,3,1,26,5,4,5,3,4,3
