id,user_id,QoA_VLCresolution,QoA_VLCbitrate,QoA_VLCframerate,QoA_VLCdropped,QoA_VLCaudiorate,QoA_VLCaudioloss,QoA_BUFFERINGcount,QoA_BUFFERINGtime,QoS_type,QoS_operator,QoU_sex,QoU_age,QoU_Ustedy,QoF_begin,QoF_shift,QoF_audio,QoF_video,MOS
329,33,360,480.40112,25.08333333,0,44.46666667,0,1,2091,4,4,1,26,5,3,5,5,5,5
328,33,360,731.58466,24.68333333,0,43.78333333,0,1,1817,4,4,1,26,5,1,4,4,4,4
327,33,360,391.82825,30.0,0,44.16666667,0,1,2076,4,4,1,26,5,1,5,4,4,4
326,33,360,649.83154,29.71666667,0,43.96666667,0,1,2940,4,4,1,26,5,3,5,4,4,4
323,33,360,186.56001,30.35,0,44.25,0,2,1276,4,2,1,26,5,5,5,4,5,5
322,33,360,607.89496,25.78333333,1,44.56666667,1,1,3934,4,2,1,26,5,3,5,4,4,4
325,33,360,573.0704,25.03333333,0,44.46666667,0,2,927,4,4,1,26,5,3,5,4,4,4
330,33,360,528.4215,24.65,0,43.8,0,1,8563,4,4,1,26,5,1,5,5,5,5
324,33,360,733.4074,25.25,1,44.15,0,1,1989,5,4,1,26,5,4,3,3,2,3
