id,user_id,QoA_VLCresolution,QoA_VLCbitrate,QoA_VLCframerate,QoA_VLCdropped,QoA_VLCaudiorate,QoA_VLCaudioloss,QoA_BUFFERINGcount,QoA_BUFFERINGtime,QoS_type,QoS_operator,QoU_sex,QoU_age,QoU_Ustedy,QoF_begin,QoF_shift,QoF_audio,QoF_video,MOS
391,42,360,390.29114,30.05,0,44.2,0,1,2203,5,4,1,26,5,4,5,5,4,4
392,42,360,550.76495,25.21666667,1,44.13333333,0,2,1114,3,1,1,26,5,4,5,4,4,4
396,42,360,408.16815,29.93333333,0,43.96666667,4,1,1621,3,1,1,26,5,4,5,5,5,5
393,42,360,627.69617,25.13333333,0,44.46666667,0,1,1782,5,4,1,26,5,4,5,4,5,3
395,42,360,567.2998,24.7,0,43.78333333,0,2,890,5,4,1,26,5,2,5,4,4,3
397,42,360,708.41626,25.15,0,44.48333333,0,1,1310,5,4,1,26,5,2,3,5,4,3
394,42,360,490.4983,25.28333333,1,44.45,0,1,942,3,1,1,26,5,4,5,5,5,5
