id,user_id,QoA_VLCresolution,QoA_VLCbitrate,QoA_VLCframerate,QoA_VLCdropped,QoA_VLCaudiorate,QoA_VLCaudioloss,QoA_BUFFERINGcount,QoA_BUFFERINGtime,QoS_type,QoS_operator,QoU_sex,QoU_age,QoU_Ustedy,QoF_begin,QoF_shift,QoF_audio,QoF_video,MOS
248,22,360,716.3734,25.28333333,0,44.45,4,1,2237,2,1,0,26,5,4,5,5,4,5
243,22,360,372.45505,25.35,0,44.46666667,0,2,1719,4,4,0,26,5,5,5,5,5,5
244,22,360,736.00085,24.06666667,0,43.85,0,2,869,4,4,0,26,5,5,5,4,5,5
245,22,240,118.56364,24.01666667,0,21.95,0,1,1334,4,4,0,26,5,5,4,3,3,4
250,22,360,578.3358,30.25,1,44.13333333,4,1,1864,2,1,0,26,5,3,5,5,5,5
246,22,360,994.4514,0.266666667,0,45.03333333,9,2,23148,2,1,0,26,5,1,1,1,2,1
