id,user_id,QoA_VLCresolution,QoA_VLCbitrate,QoA_VLCframerate,QoA_VLCdropped,QoA_VLCaudiorate,QoA_VLCaudioloss,QoA_BUFFERINGcount,QoA_BUFFERINGtime,QoS_type,QoS_operator,QoU_sex,QoU_age,QoU_Ustedy,QoF_begin,QoF_shift,QoF_audio,QoF_video,MOS
823,104,360,414.7163,29.96666667,0,44.3,0,1,3886,2,3,1,19,5,5,5,3,5,4
829,104,360,550.87714,24.7,0,43.78333333,0,1,2395,5,1,0,21,5,4,5,4,4,4
832,104,360,743.89886,25.38333333,1,45.53333333,0,1,4386,2,3,0,21,5,4,5,4,4,4
833,104,360,399.01578,30.03333333,0,44.16666667,0,1,2203,2,3,0,21,5,2,5,4,3,4
830,104,360,606.37067,25.5,1,45.2,0,2,32478,2,3,0,21,5,1,2,2,2,1
831,104,360,759.5237,14.41666667,12,26.63333333,0,3,67830,1,3,0,21,5,2,4,2,3,1
