id,user_id,QoA_VLCresolution,QoA_VLCbitrate,QoA_VLCframerate,QoA_VLCdropped,QoA_VLCaudiorate,QoA_VLCaudioloss,QoA_BUFFERINGcount,QoA_BUFFERINGtime,QoS_type,QoS_operator,QoU_sex,QoU_age,QoU_Ustedy,QoF_begin,QoF_shift,QoF_audio,QoF_video,MOS
481,55,360,605.7351,24.91666667,0,43.8,0,1,969,3,4,1,44,5,4,5,5,5,5
485,55,360,383.23605,30.11666667,3,44.63333333,0,1,1958,5,1,1,44,5,2,5,5,5,5
482,55,360,576.4589,30.1,1,44.26666667,0,1,2095,5,1,1,44,5,2,5,5,5,5
480,55,360,327.25717,29.68333333,1,43.96666667,0,1,2681,5,1,1,44,5,2,5,5,5,5
483,55,360,401.68314,29.71666667,0,43.96666667,0,1,2417,5,1,1,44,5,2,5,5,5,5
487,55,360,299.4472,30.25,0,44.11666667,0,1,1225,2,4,1,44,5,3,4,4,3,4
486,55,360,667.77673,25.35,0,44.46666667,0,2,16100,2,4,1,44,5,2,4,2,2,2
484,55,360,454.40344,0.233333333,1,44.66666667,1,4,39084,3,4,1,44,5,1,1,1,4,1
