id,user_id,QoA_VLCresolution,QoA_VLCbitrate,QoA_VLCframerate,QoA_VLCdropped,QoA_VLCaudiorate,QoA_VLCaudioloss,QoA_BUFFERINGcount,QoA_BUFFERINGtime,QoS_type,QoS_operator,QoU_sex,QoU_age,QoU_Ustedy,QoF_begin,QoF_shift,QoF_audio,QoF_video,MOS
843,106,360,332.6225,30.68333333,1,44.85,0,1,4063,2,3,1,53,5,2,5,3,3,3
844,106,360,225.26753,30.06666667,0,44.25,0,1,2262,2,3,1,53,5,2,5,5,4,5
845,106,360,959.69635,25.75,1,44.63333333,1,1,7983,4,3,1,53,5,1,5,4,5,4
846,106,360,486.93503,25.1,0,44.46666667,0,1,2436,4,3,1,53,5,2,5,3,3,2
842,106,360,307.2874,29.68333333,0,43.96666667,0,1,2336,2,3,1,53,5,2,5,5,5,5
