id,user_id,QoA_VLCresolution,QoA_VLCbitrate,QoA_VLCframerate,QoA_VLCdropped,QoA_VLCaudiorate,QoA_VLCaudioloss,QoA_BUFFERINGcount,QoA_BUFFERINGtime,QoS_type,QoS_operator,QoU_sex,QoU_age,QoU_Ustedy,QoF_begin,QoF_shift,QoF_audio,QoF_video,MOS
822,103,360,550.5334,25.03333333,0,44.45,0,2,1964,4,3,1,22,5,4,5,5,4,3
827,103,360,359.90536,23.9,0,43.91666667,0,1,2639,4,3,1,19,5,3,5,5,4,5
828,103,360,551.68756,25.3,0,44.45,0,2,1926,4,4,1,19,5,4,4,4,4,4
817,103,360,189.84628,30.28333333,1,22.16666667,0,2,1629,2,1,1,22,5,4,4,4,4,4
819,103,360,707.828,25.05,0,44.48333333,0,2,3085,4,4,1,22,5,5,5,4,4,4
826,103,360,1053.7761,30.15,1,45.35,0,1,3460,2,3,1,19,5,3,5,4,4,4
825,103,360,392.6122,29.63333333,0,43.81666667,0,2,3464,2,3,1,19,5,4,5,4,3,5
