id,user_id,QoA_VLCresolution,QoA_VLCbitrate,QoA_VLCframerate,QoA_VLCdropped,QoA_VLCaudiorate,QoA_VLCaudioloss,QoA_BUFFERINGcount,QoA_BUFFERINGtime,QoS_type,QoS_operator,QoU_sex,QoU_age,QoU_Ustedy,QoF_begin,QoF_shift,QoF_audio,QoF_video,MOS
436,49,360,399.37146,30.1,0,44.23333333,0,1,1710,5,4,1,24,5,4,5,4,4,4
440,49,360,731.0011,24.93333333,0,43.78333333,0,3,2605,4,2,1,24,5,3,3,4,4,3
439,49,360,120.49228,2.883333333,5,15.46666667,4,3,74151,2,1,1,24,5,1,1,1,3,1
441,49,360,835.57574,25.96666667,1,44.78333333,1,2,2733,4,2,1,24,5,3,5,4,5,4
437,49,360,438.93826,24.7,0,43.78333333,0,1,2220,5,4,1,24,5,3,5,4,4,4
435,49,360,659.4504,25.51666667,2,45.53333333,0,1,10797,5,4,1,24,5,3,5,4,4,4
442,49,360,493.67795,25.23333333,1,44.13333333,0,1,1556,3,4,1,24,5,3,5,4,4,4
438,49,360,121.75372,0.316666667,1,11.83333333,4,4,90811,3,1,1,24,5,1,1,1,3,1
443,49,360,424.79147,0.233333333,1,44.56666667,3,2,22723,3,4,1,24,5,1,1,1,3,2
