id,user_id,QoA_VLCresolution,QoA_VLCbitrate,QoA_VLCframerate,QoA_VLCdropped,QoA_VLCaudiorate,QoA_VLCaudioloss,QoA_BUFFERINGcount,QoA_BUFFERINGtime,QoS_type,QoS_operator,QoU_sex,QoU_age,QoU_Ustedy,QoF_begin,QoF_shift,QoF_audio,QoF_video,MOS
573,68,360,372.80423,25.25,0,44.13333333,0,2,2492,2,2,1,25,5,4,5,4,4,4
574,68,360,657.458,25.25,1,45.2,0,1,3235,5,4,1,25,5,4,4,4,4,3
572,68,360,622.5279,25.13333333,0,44.46666667,0,1,1517,5,4,1,25,5,4,3,4,4,3
571,68,240,115.452995,24.0,0,21.93333333,0,1,1526,2,2,1,25,5,4,4,3,3,3
575,68,360,411.8482,29.96666667,0,43.96666667,0,2,2007,2,2,1,25,5,4,5,4,4,4
576,68,360,648.00256,25.5,1,45.2,0,1,4076,5,4,1,25,5,2,5,4,3,4
