id,user_id,QoA_VLCresolution,QoA_VLCbitrate,QoA_VLCframerate,QoA_VLCdropped,QoA_VLCaudiorate,QoA_VLCaudioloss,QoA_BUFFERINGcount,QoA_BUFFERINGtime,QoS_type,QoS_operator,QoU_sex,QoU_age,QoU_Ustedy,QoF_begin,QoF_shift,QoF_audio,QoF_video,MOS
139,8,360,472.75085,25.23333333,2,44.13333333,0,1,1257,2,1,1,23,5,2,5,4,4,5
143,8,360,382.47168,29.8,0,43.96666667,0,2,1175,5,4,1,23,4,4,5,4,4,4
142,8,360,412.87744,29.8,1,43.63333333,0,1,3653,2,1,1,23,5,3,4,3,4,4
145,8,240,70.65118,24.71666667,0,21.8,0,1,1684,5,4,1,23,5,3,4,3,4,4
137,8,360,661.52057,25.0,0,44.13333333,0,1,3794,5,4,1,23,5,2,3,2,2,2
138,8,360,1150.2344,30.85,1,45.36666667,0,1,3621,5,4,1,23,5,3,5,5,5,5
141,8,360,1108.2316,0.283333333,0,44.96666667,4,2,31668,2,1,1,23,5,2,3,1,2,1
140,8,360,825.3489,0.45,0,45.21666667,11,1,18701,2,1,1,23,5,1,2,1,1,1
144,8,360,730.281,23.91666667,0,44.18333333,0,1,2911,5,4,1,23,5,3,5,4,4,4
