id,user_id,QoA_VLCresolution,QoA_VLCbitrate,QoA_VLCframerate,QoA_VLCdropped,QoA_VLCaudiorate,QoA_VLCaudioloss,QoA_BUFFERINGcount,QoA_BUFFERINGtime,QoS_type,QoS_operator,QoU_sex,QoU_age,QoU_Ustedy,QoF_begin,QoF_shift,QoF_audio,QoF_video,MOS
758,92,360,706.82965,25.06666667,0,43.78333333,0,2,1660,2,2,1,25,5,4,5,5,5,5
760,92,360,553.66956,24.75,0,43.78333333,0,1,1454,5,1,1,25,5,4,5,3,4,4
754,92,240,314.27461,24.0,0,22.1,0,1,1431,5,1,1,25,5,4,5,4,3,3
753,92,360,1146.7631,0.25,1,44.28333333,2,3,25990,3,4,1,25,5,1,1,1,1,1
752,92,360,187.56004,30.11666667,0,44.25,0,1,1979,5,1,1,25,5,4,5,5,5,5
756,92,360,245.33116,29.95,2,43.96666667,1,1,1189,3,4,1,25,5,4,5,5,5,4
762,92,360,391.98685,30.35,0,44.26666667,0,1,1344,3,4,1,25,5,4,5,4,4,4
