id,user_id,QoA_VLCresolution,QoA_VLCbitrate,QoA_VLCframerate,QoA_VLCdropped,QoA_VLCaudiorate,QoA_VLCaudioloss,QoA_BUFFERINGcount,QoA_BUFFERINGtime,QoS_type,QoS_operator,QoU_sex,QoU_age,QoU_Ustedy,QoF_begin,QoF_shift,QoF_audio,QoF_video,MOS
514,61,360,415.112,23.66666667,0,43.53333333,0,1,3768,4,3,1,27,5,4,4,4,5,4
511,61,360,399.38605,29.91666667,0,44.0,0,1,2997,4,3,1,27,5,4,5,5,5,5
512,61,360,186.30992,30.13333333,0,44.31666667,0,1,3526,2,3,1,27,5,3,5,5,5,5
509,61,360,334.1135,0.05,1,1.1,0,3,28655,1,3,1,27,5,2,3,2,2,1
510,61,360,423.81732,25.75,1,45.53333333,0,1,9471,4,3,1,27,5,3,5,3,4,3
513,61,360,818.01636,30.18333333,1,44.71666667,0,1,16862,2,3,1,27,5,1,5,3,3,1
508,61,360,605.6881,25.48333333,1,45.53333333,0,1,10590,2,3,1,27,5,2,5,3,4,3
507,61,360,384.08484,29.8,0,43.96666667,0,1,3262,2,3,1,27,5,4,5,5,5,5
