id,user_id,QoA_VLCresolution,QoA_VLCbitrate,QoA_VLCframerate,QoA_VLCdropped,QoA_VLCaudiorate,QoA_VLCaudioloss,QoA_BUFFERINGcount,QoA_BUFFERINGtime,QoS_type,QoS_operator,QoU_sex,QoU_age,QoU_Ustedy,QoF_begin,QoF_shift,QoF_audio,QoF_video,MOS
1559,148,360,71.33064,9.966666667,0,21.83333333,0,1,2201,5,4,1,38,5,4,5,5,4,3
1568,148,360,63.688858,12.8,2,22.7,0,1,3262,4,4,1,38,5,4,5,2,3,2
1565,148,360,391.87173,30.06666667,0,44.26666667,0,1,2609,4,4,1,38,5,5,5,5,4,5
1566,148,360,171.74956,24.73333333,0,21.83333333,0,1,3460,4,4,1,38,5,3,5,4,4,4
1567,148,360,614.92786,25.11666667,0,44.48333333,0,1,2827,4,4,1,38,5,4,5,5,5,5
