id,user_id,QoA_VLCresolution,QoA_VLCbitrate,QoA_VLCframerate,QoA_VLCdropped,QoA_VLCaudiorate,QoA_VLCaudioloss,QoA_BUFFERINGcount,QoA_BUFFERINGtime,QoS_type,QoS_operator,QoU_sex,QoU_age,QoU_Ustedy,QoF_begin,QoF_shift,QoF_audio,QoF_video,MOS
840,105,360,519.15704,29.78333333,0,43.96666667,0,1,2753,2,3,1,43,5,2,5,3,2,3
836,105,240,115.822,23.96666667,0,22.1,0,1,2166,2,3,1,43,5,2,5,2,3,2
837,105,360,435.95377,24.73333333,0,43.78333333,0,1,2492,2,3,1,43,5,2,5,4,4,4
834,105,360,1044.5887,30.36666667,1,45.68333333,0,1,4421,2,3,1,43,5,2,5,4,4,4
838,105,360,299.92303,30.08333333,0,44.25,0,1,3931,2,3,1,43,2,2,5,3,3,4
839,105,360,610.0754,25.65,0,45.88333333,0,2,4341,2,3,1,43,2,1,5,4,3,3
835,105,360,360.42978,24.08333333,0,44.25,0,1,2469,2,3,1,43,5,2,5,5,5,5
841,105,360,578.3971,30.08333333,0,44.26666667,0,1,2708,4,3,1,43,5,2,5,5,5,5
