id,user_id,QoA_VLCresolution,QoA_VLCbitrate,QoA_VLCframerate,QoA_VLCdropped,QoA_VLCaudiorate,QoA_VLCaudioloss,QoA_BUFFERINGcount,QoA_BUFFERINGtime,QoS_type,QoS_operator,QoU_sex,QoU_age,QoU_Ustedy,QoF_begin,QoF_shift,QoF_audio,QoF_video,MOS
611,77,360,300.13647,30.2,0,44.11666667,0,3,10460,2,2,1,22,5,3,3,2,4,2
619,77,360,299.75308,25.36666667,1,44.85,0,1,3350,5,4,1,22,5,3,4,4,4,4
617,77,360,659.41376,25.26666667,1,45.2,0,1,3161,5,4,1,22,5,3,5,4,4,4
614,77,360,771.598,25.66666667,1,45.88333333,0,1,3116,5,4,1,22,5,2,4,4,4,4
624,77,360,391.991,30.0,0,43.73333333,0,2,2256,2,2,1,22,5,3,5,4,4,4
621,77,360,648.31464,24.8,0,43.1,0,3,12109,2,2,1,22,5,1,2,3,4,2
627,77,360,566.67773,25.05,0,44.13333333,0,3,8353,4,2,1,22,5,3,4,5,4,4
