id,user_id,QoA_VLCresolution,QoA_VLCbitrate,QoA_VLCframerate,QoA_VLCdropped,QoA_VLCaudiorate,QoA_VLCaudioloss,QoA_BUFFERINGcount,QoA_BUFFERINGtime,QoS_type,QoS_operator,QoU_sex,QoU_age,QoU_Ustedy,QoF_begin,QoF_shift,QoF_audio,QoF_video,MOS
517,62,360,393.87228,25.01666667,0,44.15,0,1,2803,2,3,1,23,5,3,5,3,3,3
518,62,360,592.7357,23.9,32,44.03333333,0,7,21607,1,3,1,23,5,2,5,4,4,3
516,62,360,514.04456,25.03333333,22,44.51666667,0,4,23562,1,3,1,23,5,1,2,2,2,2
519,62,360,506.90472,23.78333333,14,44.56666667,0,3,12843,1,3,1,23,5,2,3,3,3,3
515,62,240,115.64293,23.96666667,0,22.1,0,1,3170,2,3,1,23,5,4,5,2,3,3
