id,user_id,QoA_VLCresolution,QoA_VLCbitrate,QoA_VLCframerate,QoA_VLCdropped,QoA_VLCaudiorate,QoA_VLCaudioloss,QoA_BUFFERINGcount,QoA_BUFFERINGtime,QoS_type,QoS_operator,QoU_sex,QoU_age,QoU_Ustedy,QoF_begin,QoF_shift,QoF_audio,QoF_video,MOS
403,44,360,573.88715,25.15,2,44.13333333,0,3,30290,4,2,1,22,5,1,3,2,3,2
402,44,360,872.6489,30.6,1,45.03333333,0,2,2201,5,4,1,22,5,4,4,2,3,3
405,44,360,782.70557,25.66666667,1,45.53333333,0,3,6750,2,2,1,22,5,3,4,4,4,3
404,44,360,423.72662,30.2,4,45.05,0,1,2560,5,4,1,22,5,5,5,4,5,4
407,44,360,462.67474,24.78333333,0,43.78333333,0,1,1536,5,4,1,22,5,4,5,5,4,5
406,44,360,735.8407,24.2,0,44.18333333,0,2,840,2,2,1,22,5,3,5,4,4,4
