id,user_id,QoA_VLCresolution,QoA_VLCbitrate,QoA_VLCframerate,QoA_VLCdropped,QoA_VLCaudiorate,QoA_VLCaudioloss,QoA_BUFFERINGcount,QoA_BUFFERINGtime,QoS_type,QoS_operator,QoU_sex,QoU_age,QoU_Ustedy,QoF_begin,QoF_shift,QoF_audio,QoF_video,MOS
653,81,360,996.64215,30.83333333,3,45.36666667,0,1,3495,5,4,1,18,5,3,5,4,4,4
650,81,360,195.40213,24.11666667,1,44.28333333,0,1,2190,5,4,1,18,5,4,5,4,4,4
649,81,360,457.18112,25.1,0,44.46666667,0,1,1610,5,4,1,18,5,3,5,4,4,4
652,81,360,488.553,24.78333333,7,43.78333333,0,1,2048,5,4,1,18,5,4,5,4,4,4
651,81,360,948.1966,25.7,0,45.18333333,0,1,3769,5,4,1,18,5,4,5,4,4,4
