id,user_id,QoA_VLCresolution,QoA_VLCbitrate,QoA_VLCframerate,QoA_VLCdropped,QoA_VLCaudiorate,QoA_VLCaudioloss,QoA_BUFFERINGcount,QoA_BUFFERINGtime,QoS_type,QoS_operator,QoU_sex,QoU_age,QoU_Ustedy,QoF_begin,QoF_shift,QoF_audio,QoF_video,MOS
355,36,360,332.51288,30.98333333,1,44.06666667,0,2,6023,2,2,1,38,5,3,5,3,4,3
353,36,360,548.8998,0.233333333,1,44.73333333,7,1,14848,1,1,1,38,5,1,1,1,5,2
354,36,360,834.0738,25.18333333,1,44.13333333,0,2,1079,2,2,1,38,5,4,4,4,4,4
352,36,360,596.4628,25.03333333,0,44.46666667,0,2,1086,4,4,1,38,5,5,5,5,4,5
351,36,360,729.11035,25.3,0,44.46666667,0,1,1132,2,1,1,38,5,3,5,4,4,5
