id,user_id,QoA_VLCresolution,QoA_VLCbitrate,QoA_VLCframerate,QoA_VLCdropped,QoA_VLCaudiorate,QoA_VLCaudioloss,QoA_BUFFERINGcount,QoA_BUFFERINGtime,QoS_type,QoS_operator,QoU_sex,QoU_age,QoU_Ustedy,QoF_begin,QoF_shift,QoF_audio,QoF_video,MOS
590,71,360,528.39294,24.95,0,43.8,0,2,683,4,2,1,20,5,3,5,3,4,3
585,71,360,391.6046,30.11666667,1,43.95,0,1,7572,3,4,1,20,5,3,5,5,4,4
586,71,360,607.90063,25.35,1,44.23333333,1,2,2537,5,4,1,20,5,4,5,5,4,4
589,71,360,792.83905,25.05,0,44.45,0,1,1862,5,4,1,20,5,4,4,2,4,3
587,71,360,472.94736,25.01666667,0,43.78333333,0,1,1627,2,2,1,20,5,5,5,4,4,4
588,71,360,396.07407,25.35,0,44.46666667,0,1,1367,3,4,1,20,5,3,5,4,2,3
