id,user_id,QoA_VLCresolution,QoA_VLCbitrate,QoA_VLCframerate,QoA_VLCdropped,QoA_VLCaudiorate,QoA_VLCaudioloss,QoA_BUFFERINGcount,QoA_BUFFERINGtime,QoS_type,QoS_operator,QoU_sex,QoU_age,QoU_Ustedy,QoF_begin,QoF_shift,QoF_audio,QoF_video,MOS
170,11,360,649.10004,25.18333333,0,44.46666667,0,1,1771,5,4,1,27,5,3,5,4,5,4
169,11,360,409.49066,29.93333333,2,43.96666667,0,1,2883,2,1,1,27,5,4,5,4,4,4
171,11,360,654.26215,29.63333333,0,43.95,0,1,3166,5,4,1,27,5,4,4,3,4,3
172,11,360,553.78345,29.78333333,1,43.96666667,0,1,3534,5,4,1,27,5,2,4,3,4,3
168,11,360,577.67316,30.26666667,0,44.16666667,0,1,1144,2,1,1,27,5,3,5,4,4,4
