id,user_id,QoA_VLCresolution,QoA_VLCbitrate,QoA_VLCframerate,QoA_VLCdropped,QoA_VLCaudiorate,QoA_VLCaudioloss,QoA_BUFFERINGcount,QoA_BUFFERINGtime,QoS_type,QoS_operator,QoU_sex,QoU_age,QoU_Ustedy,QoF_begin,QoF_shift,QoF_audio,QoF_video,MOS
103,6,360,656.7786,25.2,1,45.2,0,1,6112,5,1,0,26,5,2,5,5,5,5
119,6,240,119.820984,23.95,0,22.1,0,1,2001,5,1,0,26,5,4,4,4,3,4
113,6,360,820.55664,25.65,0,45.55,0,1,3725,5,1,0,26,5,3,5,3,4,4
105,6,360,399.3218,30.05,0,44.21666667,0,2,1253,5,1,0,26,5,4,5,5,5,5
101,6,360,629.98,25.11666667,0,44.46666667,0,2,1095,5,1,0,26,5,2,3,4,3,4
120,6,360,533.65045,25.28333333,1,45.55,0,1,3245,4,1,0,26,5,3,5,4,4,4
114,6,360,721.707,29.58333333,1,44.3,0,5,24237,5,1,0,26,5,2,2,1,1,2
