id,user_id,QoA_VLCresolution,QoA_VLCbitrate,QoA_VLCframerate,QoA_VLCdropped,QoA_VLCaudiorate,QoA_VLCaudioloss,QoA_BUFFERINGcount,QoA_BUFFERINGtime,QoS_type,QoS_operator,QoU_sex,QoU_age,QoU_Ustedy,QoF_begin,QoF_shift,QoF_audio,QoF_video,MOS
368,38,360,573.3253,29.65,0,43.96666667,0,2,1553,4,4,0,19,5,4,5,5,5,5
366,38,360,378.34213,25.18333333,0,44.46666667,0,1,1553,5,4,0,19,5,3,5,3,4,3
361,38,360,735.9993,24.1,0,43.86666667,0,2,972,4,2,0,19,5,4,5,5,5,5
367,38,360,462.63293,24.98333333,0,44.13333333,0,2,1002,4,4,0,19,5,4,5,5,5,5
362,38,360,578.24725,30.05,0,44.16666667,0,1,1495,5,4,0,19,5,4,5,5,5,5
363,38,360,217.1132,30.0,0,43.96666667,0,2,912,4,2,0,19,5,4,5,4,5,4
365,38,360,1104.1824,26.05,1,45.55,0,1,5744,5,4,0,19,5,3,5,4,4,4
364,38,360,397.43967,30.06666667,0,44.2,0,1,1549,5,4,0,19,5,4,5,5,5,5
