id,user_id,QoA_VLCresolution,QoA_VLCbitrate,QoA_VLCframerate,QoA_VLCdropped,QoA_VLCaudiorate,QoA_VLCaudioloss,QoA_BUFFERINGcount,QoA_BUFFERINGtime,QoS_type,QoS_operator,QoU_sex,QoU_age,QoU_Ustedy,QoF_begin,QoF_shift,QoF_audio,QoF_video,MOS
99,5,360,389.37396,29.95,0,44.16666667,0,1,2109,5,1,1,24,5,4,5,5,5,5
92,5,360,774.0078,25.66666667,1,44.36666667,1,2,3976,2,2,1,24,5,4,5,3,4,3
90,5,360,605.05566,25.63333333,1,44.31666667,0,1,3077,2,2,1,24,5,3,4,3,3,3
89,5,360,394.92047,25.33333333,0,44.46666667,0,2,1171,2,2,1,24,5,4,5,4,4,4
91,5,360,549.8965,24.95,0,43.78333333,0,2,1652,2,2,1,24,5,3,3,2,3,2
95,5,360,400.3147,30.0,4,44.11666667,0,2,1051,5,1,1,24,5,4,3,4,2,3
93,5,360,491.39764,29.91666667,0,43.95,0,2,3238,2,2,1,24,5,2,5,4,4,4
94,5,360,577.7473,30.31666667,0,44.2,0,1,1451,2,2,1,24,5,4,5,5,5,5
