id,user_id,QoA_VLCresolution,QoA_VLCbitrate,QoA_VLCframerate,QoA_VLCdropped,QoA_VLCaudiorate,QoA_VLCaudioloss,QoA_BUFFERINGcount,QoA_BUFFERINGtime,QoS_type,QoS_operator,QoU_sex,QoU_age,QoU_Ustedy,QoF_begin,QoF_shift,QoF_audio,QoF_video,MOS
175,12,360,605.29596,25.6,1,45.88333333,0,1,3362,5,4,1,28,5,3,5,3,4,3
176,12,360,18.512207,0.733333333,0,1.416666667,3,1,29305,3,1,1,28,5,1,2,4,1,1
178,12,360,395.4196,25.13333333,0,44.46666667,0,1,1960,5,4,1,28,5,5,5,5,5,5
174,12,360,833.5738,25.61666667,2,45.2,0,1,3403,5,4,1,28,5,3,5,3,4,3
173,12,360,392.52853,30.11666667,0,44.26666667,0,1,1822,5,4,1,28,5,4,5,3,4,3
177,12,360,6.606509,0.133333333,0,2.816666667,6,1,94739,3,1,1,28,5,1,1,1,2,1
