id,user_id,QoA_VLCresolution,QoA_VLCbitrate,QoA_VLCframerate,QoA_VLCdropped,QoA_VLCaudiorate,QoA_VLCaudioloss,QoA_BUFFERINGcount,QoA_BUFFERINGtime,QoS_type,QoS_operator,QoU_sex,QoU_age,QoU_Ustedy,QoF_begin,QoF_shift,QoF_audio,QoF_video,MOS
562,66,360,727.019,25.03333333,0,43.78333333,0,1,2881,4,2,0,23,5,5,5,4,4,4
564,66,360,365.7623,25.46666667,1,45.2,0,1,6152,5,4,0,23,5,4,4,4,4,4
559,66,360,408.01852,25.16666667,0,44.46666667,0,1,1763,5,4,0,23,5,4,5,4,4,4
563,66,360,1107.338,30.91666667,1,45.38333333,0,1,4367,5,4,0,23,5,3,4,4,4,4
558,66,360,945.25073,25.96666667,1,44.55,1,1,4083,2,2,0,23,5,5,5,5,5,5
560,66,360,210.35603,30.91666667,1,45.13333333,1,4,58957,4,2,0,23,5,1,3,3,3,2
561,66,360,462.79425,25.28333333,0,44.15,0,2,1082,4,2,0,23,5,3,3,4,4,4
