id,user_id,QoA_VLCresolution,QoA_VLCbitrate,QoA_VLCframerate,QoA_VLCdropped,QoA_VLCaudiorate,QoA_VLCaudioloss,QoA_BUFFERINGcount,QoA_BUFFERINGtime,QoS_type,QoS_operator,QoU_sex,QoU_age,QoU_Ustedy,QoF_begin,QoF_shift,QoF_audio,QoF_video,MOS
61,2,360,7.1280055,1.1,1,1.35,0,2,17542,4,1,1,28,5,1,1,1,1,1
60,2,360,19.503283,0.783333333,0,1.416666667,1,1,35650,4,1,1,28,5,1,2,4,4,1
59,2,360,566.1784,24.66666667,0,43.78333333,0,1,2046,5,1,1,28,5,4,4,4,4,4
58,2,360,607.0925,25.53333333,2,45.2,0,1,3696,5,1,1,28,5,4,4,5,4,4
62,2,360,578.27216,30.1,1,44.26666667,0,1,2126,5,1,1,28,5,4,4,5,4,4
63,2,360,412.2551,29.58333333,1,43.63333333,0,1,2926,4,1,1,28,5,3,4,5,4,4
57,2,360,393.39148,30.08333333,5,44.23333333,0,1,2814,5,1,1,28,5,4,5,5,5,5
