id,user_id,QoA_VLCresolution,QoA_VLCbitrate,QoA_VLCframerate,QoA_VLCdropped,QoA_VLCaudiorate,QoA_VLCaudioloss,QoA_BUFFERINGcount,QoA_BUFFERINGtime,QoS_type,QoS_operator,QoU_sex,QoU_age,QoU_Ustedy,QoF_begin,QoF_shift,QoF_audio,QoF_video,MOS
551,65,360,409.38425,25.28333333,0,44.45,0,1,1792,2,4,1,26,5,5,5,5,3,3
549,65,360,730.10394,25.21666667,0,44.13333333,0,1,1858,4,2,1,26,5,4,4,4,4,3
553,65,360,834.5125,25.65,3,45.36666667,0,3,10855,2,2,1,26,5,3,5,4,3,4
555,65,360,546.67255,30.78333333,1,45.41666667,0,1,5298,2,2,1,26,5,4,5,4,4,4
556,65,360,332.5569,31.08333333,1,44.11666667,1,1,13588,2,2,1,26,5,5,5,3,4,2
554,65,360,818.5027,0.283333333,1,44.5,9,3,32742,3,4,1,26,5,2,2,1,1,1
557,65,240,115.59558,24.11666667,0,22.1,0,2,2565,2,2,1,26,5,4,4,3,3,3
550,65,360,1227.6448,31.05,1,45.05,0,2,4870,2,2,1,26,5,4,4,4,4,4
552,65,360,560.91846,25.25,0,44.13333333,2,1,3567,3,4,1,26,5,5,4,4,2,4
