id,user_id,QoA_VLCresolution,QoA_VLCbitrate,QoA_VLCframerate,QoA_VLCdropped,QoA_VLCaudiorate,QoA_VLCaudioloss,QoA_BUFFERINGcount,QoA_BUFFERINGtime,QoS_type,QoS_operator,QoU_sex,QoU_age,QoU_Ustedy,QoF_begin,QoF_shift,QoF_audio,QoF_video,MOS
1551,146,360,654.7805,29.68333333,0,43.95,0,1,4826,5,4,1,49,5,3,5,4,3,4
1547,146,240,49.50201,11.93333333,0,21.83333333,0,1,3466,5,4,1,49,5,5,5,5,5,5
1546,146,360,735.9553,23.88333333,0,44.18333333,0,2,1898,5,4,1,49,5,4,5,4,4,5
1549,146,360,25.631317,11.93333333,0,21.83333333,0,1,2687,5,4,1,49,5,4,5,3,4,3
1550,146,360,74.61708,11.95,0,21.83333333,0,1,4164,5,4,1,49,5,3,4,3,4,3
1548,146,360,585.1398,29.71666667,0,43.96666667,0,1,2766,5,4,1,49,5,4,5,5,5,5
