id,user_id,QoA_VLCresolution,QoA_VLCbitrate,QoA_VLCframerate,QoA_VLCdropped,QoA_VLCaudiorate,QoA_VLCaudioloss,QoA_BUFFERINGcount,QoA_BUFFERINGtime,QoS_type,QoS_operator,QoU_sex,QoU_age,QoU_Ustedy,QoF_begin,QoF_shift,QoF_audio,QoF_video,MOS
410,45,360,326.60678,29.81666667,0,43.96666667,0,1,1621,5,4,1,23,5,4,5,2,4,3
413,45,360,412.75757,29.76666667,0,43.96666667,0,1,1595,5,4,1,23,5,3,5,5,3,5
412,45,360,578.5965,30.06666667,0,44.2,0,2,1199,5,4,1,23,5,3,5,5,4,5
409,45,360,722.68994,25.11666667,0,44.46666667,0,1,1704,5,4,1,23,5,3,4,4,4,4
411,45,360,472.1995,25.25,2,44.15,0,1,1415,3,1,1,23,5,4,5,5,5,5
408,45,360,582.5205,25.68333333,1,45.88333333,0,1,2951,5,4,1,23,5,4,5,5,5,5
414,45,360,813.82306,0.233333333,1,44.56666667,7,4,27625,2,1,1,23,5,2,1,1,3,1
