id,user_id,QoA_VLCresolution,QoA_VLCbitrate,QoA_VLCframerate,QoA_VLCdropped,QoA_VLCaudiorate,QoA_VLCaudioloss,QoA_BUFFERINGcount,QoA_BUFFERINGtime,QoS_type,QoS_operator,QoU_sex,QoU_age,QoU_Ustedy,QoF_begin,QoF_shift,QoF_audio,QoF_video,MOS
82,4,360,391.9321,30.06666667,2,44.23333333,0,1,2068,5,1,1,38,5,4,5,5,5,5
85,4,360,568.9531,24.76666667,1,43.78333333,0,1,2008,5,1,1,38,5,5,5,5,5,5
79,4,360,566.7743,25.28333333,0,44.15,0,1,1822,2,2,1,38,5,4,5,4,4,4
84,4,360,627.8068,25.08333333,0,44.46666667,0,1,2297,5,1,1,38,5,3,4,4,4,4
80,4,360,551.5803,25.36666667,0,44.48333333,0,2,1226,2,2,1,38,5,5,5,5,5,5
81,4,360,831.25397,25.38333333,1,45.06666667,0,5,20944,2,2,1,38,5,1,2,2,2,1
