id,user_id,QoA_VLCresolution,QoA_VLCbitrate,QoA_VLCframerate,QoA_VLCdropped,QoA_VLCaudiorate,QoA_VLCaudioloss,QoA_BUFFERINGcount,QoA_BUFFERINGtime,QoS_type,QoS_operator,QoU_sex,QoU_age,QoU_Ustedy,QoF_begin,QoF_shift,QoF_audio,QoF_video,MOS
207,18,360,409.38754,29.71666667,4,43.96666667,0,1,2254,5,4,1,33,5,4,5,5,5,5
212,18,360,550.87085,24.93333333,0,43.78333333,0,2,991,4,4,1,33,5,3,5,5,5,5
209,18,360,565.6262,30.68333333,4,44.83333333,0,1,4540,5,4,1,33,5,2,5,5,5,4
211,18,360,660.56824,25.25,1,45.2,0,1,3514,5,4,1,33,5,5,5,4,5,4
206,18,360,662.25006,25.05,0,44.45,0,1,1584,5,4,1,33,5,4,5,4,4,4
208,18,360,412.95685,29.68333333,1,43.96666667,0,1,1983,5,4,1,33,5,2,4,4,3,3
210,18,360,400.59335,30.11666667,1,44.3,0,1,1898,5,4,1,33,5,5,5,5,5,5
