id,user_id,QoA_VLCresolution,QoA_VLCbitrate,QoA_VLCframerate,QoA_VLCdropped,QoA_VLCaudiorate,QoA_VLCaudioloss,QoA_BUFFERINGcount,QoA_BUFFERINGtime,QoS_type,QoS_operator,QoU_sex,QoU_age,QoU_Ustedy,QoF_begin,QoF_shift,QoF_audio,QoF_video,MOS
273,26,360,565.1745,25.05,0,44.48333333,0,2,887,4,4,1,33,5,3,5,5,4,4
274,26,360,664.76654,24.95,0,44.13333333,0,1,2226,4,4,1,33,5,2,5,3,4,3
270,26,360,307.34555,29.66666667,2,43.96666667,0,1,1681,5,4,1,33,5,2,4,2,3,2
272,26,360,568.4265,29.78333333,0,43.96666667,0,1,2051,5,4,1,33,5,5,5,5,4,5
275,26,360,333.71844,31.1,1,45.48333333,0,1,5482,4,4,1,33,5,2,5,3,4,3
276,26,360,448.08575,25.13333333,1,45.18333333,0,4,4892,4,4,1,33,5,2,4,4,4,2
271,26,360,551.8479,24.8,0,43.78333333,0,1,1780,5,4,1,33,5,4,5,5,4,5
