id,user_id,QoA_VLCresolution,QoA_VLCbitrate,QoA_VLCframerate,QoA_VLCdropped,QoA_VLCaudiorate,QoA_VLCaudioloss,QoA_BUFFERINGcount,QoA_BUFFERINGtime,QoS_type,QoS_operator,QoU_sex,QoU_age,QoU_Ustedy,QoF_begin,QoF_shift,QoF_audio,QoF_video,MOS
566,67,360,186.38094,30.1,1,44.23333333,0,1,1757,5,4,1,26,5,4,5,4,4,4
569,67,360,294.62167,30.31666667,0,44.3,0,2,4115,2,2,1,26,5,5,5,4,4,5
570,67,360,218.08926,29.95,0,43.96666667,0,1,1222,2,2,1,26,5,5,5,5,5,5
568,67,240,176.35396,25.06666667,0,21.96666667,0,1,3810,2,2,1,26,5,5,5,5,5,5
565,67,360,703.8242,25.66666667,1,44.9,1,2,16561,2,2,1,26,5,4,5,5,4,5
567,67,240,115.06865,24.03333333,0,22.11666667,0,1,1616,5,4,1,26,5,4,5,4,4,4
