id,user_id,QoA_VLCresolution,QoA_VLCbitrate,QoA_VLCframerate,QoA_VLCdropped,QoA_VLCaudiorate,QoA_VLCaudioloss,QoA_BUFFERINGcount,QoA_BUFFERINGtime,QoS_type,QoS_operator,QoU_sex,QoU_age,QoU_Ustedy,QoF_begin,QoF_shift,QoF_audio,QoF_video,MOS
656,82,360,442.07083,24.75,0,43.78333333,0,1,1602,5,4,1,26,5,4,5,5,4,3
657,82,360,735.5067,23.83333333,0,43.85,0,1,1851,5,4,1,26,5,4,4,4,4,4
658,82,240,70.67071,24.73333333,0,21.81666667,0,1,1580,5,4,1,26,5,4,5,4,4,4
660,82,360,560.05023,30.08333333,2,45.03333333,0,1,2878,5,4,1,26,5,4,5,4,4,4
655,82,360,195.54922,24.06666667,0,44.18333333,0,2,1120,5,4,1,26,5,4,5,4,4,4
659,82,360,567.1653,24.76666667,0,43.78333333,0,1,1675,5,4,1,26,5,3,5,4,4,4
654,82,360,409.503,29.65,0,43.95,0,1,1994,5,4,1,26,5,4,4,4,5,4
