id,user_id,QoA_VLCresolution,QoA_VLCbitrate,QoA_VLCframerate,QoA_VLCdropped,QoA_VLCaudiorate,QoA_VLCaudioloss,QoA_BUFFERINGcount,QoA_BUFFERINGtime,QoS_type,QoS_operator,QoU_sex,QoU_age,QoU_Ustedy,QoF_begin,QoF_shift,QoF_audio,QoF_video,MOS
200,17,360,528.43915,25.35,0,44.46666667,0,2,1538,4,4,1,39,5,3,4,4,4,4
197,17,360,1212.9948,30.96666667,1,44.68333333,1,1,3610,4,4,1,39,5,3,3,3,3,3
202,17,360,399.6855,30.3,0,44.16666667,0,2,1403,4,4,1,39,5,4,4,4,3,4
199,17,360,243.47797,12.33333,0,21.3333333,0,2,2676,4,4,1,39,5,3,3,2,2,2
198,17,360,629.5689,25.13333333,1,44.13333333,2,1,1521,2,1,1,39,5,3,5,3,4,4
205,17,360,488.74527,24.95,0,43.8,0,1,2426,4,4,1,39,5,5,5,5,5,5
204,17,360,832.07526,0.233333333,1,44.48333333,8,2,23466,2,1,1,39,5,1,1,1,2,1
201,17,360,391.15247,30.3,0,44.2,0,1,1626,2,1,1,39,5,3,3,3,4,4
203,17,360,730.6079,24.8,1,43.78333333,0,1,2134,5,4,1,39,5,3,2,4,2,2
