id,user_id,QoA_VLCresolution,QoA_VLCbitrate,QoA_VLCframerate,QoA_VLCdropped,QoA_VLCaudiorate,QoA_VLCaudioloss,QoA_BUFFERINGcount,QoA_BUFFERINGtime,QoS_type,QoS_operator,QoU_sex,QoU_age,QoU_Ustedy,QoF_begin,QoF_shift,QoF_audio,QoF_video,MOS
181,13,360,731.3365,25.18333333,0,44.13333333,0,1,1668,2,1,1,29,5,3,5,3,4,3
180,13,360,399.2326,30.11666667,0,44.26666667,0,1,2658,5,4,1,29,5,4,4,4,4,4
183,13,360,736.4037,23.93333333,0,44.18333333,0,1,3419,5,4,1,29,5,4,4,4,4,4
182,13,240,118.93226,23.93333333,0,22.1,0,1,2203,5,4,1,29,5,4,3,3,3,3
179,13,360,528.589,24.8,1,43.8,0,2,873,3,4,1,29,5,5,5,4,5,4
