id,user_id,QoA_VLCresolution,QoA_VLCbitrate,QoA_VLCframerate,QoA_VLCdropped,QoA_VLCaudiorate,QoA_VLCaudioloss,QoA_BUFFERINGcount,QoA_BUFFERINGtime,QoS_type,QoS_operator,QoU_sex,QoU_age,QoU_Ustedy,QoF_begin,QoF_shift,QoF_audio,QoF_video,MOS
1595,150,360,731.64154,25.01666667,0,43.78333333,0,1,1820,5,4,1,55,4,3,3,4,4,3
1590,150,360,73.833336,8.616666667,1,22.61666667,0,2,3157,5,4,1,55,4,2,5,2,3,2
1594,150,360,391.19022,30.4,0,44.16666667,0,2,2191,5,4,1,55,5,5,4,3,3,3
1597,150,360,872.20465,30.26666667,1,45.36666667,0,1,3139,5,4,1,55,5,3,5,3,3,3
1592,150,360,110.63847,12.05,0,22.06666667,0,2,1881,4,4,1,55,5,4,4,2,4,2
1598,150,360,478.9504,25.38333333,0,44.46666667,0,2,4473,4,4,1,55,5,3,5,3,4,4
1599,150,360,2125.1958,25.51666667,6,45.55,0,2,7081,4,4,1,55,5,1,5,1,2,1
1596,150,360,1817.1886,25.4,0,44.45,0,1,1942,5,4,1,55,4,4,5,5,4,5
1593,150,360,165.95175,30.05,0,22.11666667,0,1,2981,4,4,1,55,4,4,5,3,4,3
