id,user_id,QoA_VLCresolution,QoA_VLCbitrate,QoA_VLCframerate,QoA_VLCdropped,QoA_VLCaudiorate,QoA_VLCaudioloss,QoA_BUFFERINGcount,QoA_BUFFERINGtime,QoS_type,QoS_operator,QoU_sex,QoU_age,QoU_Ustedy,QoF_begin,QoF_shift,QoF_audio,QoF_video,MOS
784,97,360,392.40408,30.06666667,0,44.25,0,1,2088,4,3,1,19,5,4,5,4,4,4
785,97,360,736.9572,24.66666667,0,43.8,0,1,1980,4,3,1,19,5,4,4,4,3,4
786,97,360,606.91766,25.31666667,0,44.85,0,1,3247,2,3,1,19,5,3,4,3,2,4
782,97,360,494.89688,24.78333333,0,43.78333333,0,1,5649,5,1,1,19,5,3,5,4,5,4
783,97,360,835.0825,25.58333333,1,45.2,0,1,4711,5,1,1,19,5,3,5,4,4,4
