id,user_id,QoA_VLCresolution,QoA_VLCbitrate,QoA_VLCframerate,QoA_VLCdropped,QoA_VLCaudiorate,QoA_VLCaudioloss,QoA_BUFFERINGcount,QoA_BUFFERINGtime,QoS_type,QoS_operator,QoU_sex,QoU_age,QoU_Ustedy,QoF_begin,QoF_shift,QoF_audio,QoF_video,MOS
768,94,360,554.0477,0.266666667,0,44.03333333,6,3,34661,3,4,1,26,5,1,1,1,1,1
769,94,360,392.7638,30.11666667,0,44.31666667,0,1,4889,2,3,1,26,5,4,4,4,4,4
767,94,360,528.1992,24.78333333,0,43.8,0,1,1589,5,1,1,26,5,4,5,5,5,5
765,94,360,988.7905,0.2,1,45.01666667,3,2,29333,2,4,0,26,5,1,1,1,1,1
766,94,360,491.35098,24.98333333,0,43.78333333,0,2,940,4,2,0,26,5,4,5,5,5,5
764,94,360,753.48126,25.33333333,8,44.46666667,0,2,14925,1,2,1,26,5,3,4,2,3,2
