id,user_id,QoA_VLCresolution,QoA_VLCbitrate,QoA_VLCframerate,QoA_VLCdropped,QoA_VLCaudiorate,QoA_VLCaudioloss,QoA_BUFFERINGcount,QoA_BUFFERINGtime,QoS_type,QoS_operator,QoU_sex,QoU_age,QoU_Ustedy,QoF_begin,QoF_shift,QoF_audio,QoF_video,MOS
73,3,360,577.9735,30.1,2,44.26666667,0,2,2252,5,4,1,27,5,4,4,4,5,4
66,3,360,275.73227,1.2,10,26.26666667,7,4,80069,1,1,1,27,5,2,1,2,4,1
65,3,360,31.647001,6.95,8,11.95,1,4,80688,4,1,1,27,5,2,2,2,2,1
67,3,360,47.59162,0.133333333,1,19.6,2,3,139610,2,1,1,27,5,1,1,1,1,1
64,3,240,221.66985,23.55,4,21.93333333,1,7,60700,2,1,1,27,5,2,2,2,3,2
68,3,360,299.34344,1.083333333,0,43.71666667,8,6,48276,2,1,1,27,5,2,3,3,3,2
72,3,360,592.60547,25.35,0,44.46666667,0,2,1936,2,2,1,27,5,3,4,3,4,3
71,3,360,327.66165,30.11666667,0,43.98333333,0,2,2289,2,2,1,27,5,4,4,5,4,4
78,3,360,392.08966,30.33333333,0,44.23333333,0,2,2881,2,2,1,27,5,1,4,4,4,4
