id,user_id,QoA_VLCresolution,QoA_VLCbitrate,QoA_VLCframerate,QoA_VLCdropped,QoA_VLCaudiorate,QoA_VLCaudioloss,QoA_BUFFERINGcount,QoA_BUFFERINGtime,QoS_type,QoS_operator,QoU_sex,QoU_age,QoU_Ustedy,QoF_begin,QoF_shift,QoF_audio,QoF_video,MOS
772,95,360,834.5048,25.65,1,45.55,0,2,6489,4,3,1,19,5,4,4,4,3,4
773,95,360,299.92767,30.06666667,0,44.23333333,0,1,2492,4,3,1,19,5,3,4,2,4,3
770,95,360,473.86383,24.58333333,64,44.13333333,0,3,6403,2,3,1,19,5,4,3,4,4,3
774,95,360,528.7617,24.75,0,43.8,0,1,1797,4,3,1,19,5,3,3,2,4,3
771,95,360,565.6057,25.03333333,0,44.45,0,1,2701,2,3,1,19,5,4,5,4,3,4
