id,user_id,QoA_VLCresolution,QoA_VLCbitrate,QoA_VLCframerate,QoA_VLCdropped,QoA_VLCaudiorate,QoA_VLCaudioloss,QoA_BUFFERINGcount,QoA_BUFFERINGtime,QoS_type,QoS_operator,QoU_sex,QoU_age,QoU_Ustedy,QoF_begin,QoF_shift,QoF_audio,QoF_video,MOS
963,120,360,776.7285,25.58333333,1,45.53333333,0,1,3920,4,3,1,29,5,4,5,4,4,5
965,120,360,516.7134,29.71666667,0,43.96666667,0,1,2853,2,3,1,29,5,4,5,4,4,4
961,120,360,424.63986,30.11666667,1,45.03333333,0,1,4391,4,3,1,29,5,4,5,4,4,4
964,120,360,805.7799,25.01666667,0,44.15,0,1,3188,2,3,1,29,5,4,5,4,4,4
966,120,360,661.4645,30.08333333,0,44.25,0,1,2104,2,3,1,29,5,4,5,4,4,4
962,120,360,457.41,25.01666667,0,44.16666667,0,1,2815,2,3,1,29,5,4,5,4,4,5
